data,node_init,node_term,c,
0,0,1,9.44704
0,0,5,6.93573
0,1,2,6.41515
0,1,6,5.94469
0,2,3,8.31848
0,2,7,19.30601
0,3,4,8.93355
0,3,8,18.45073
0,4,9,9.9674
0,5,6,13.31724
0,5,10,7.56192
0,6,7,15.41145
0,6,11,20.00096
0,7,8,9.44033
0,7,12,10.91292
0,8,9,23.97687
0,8,13,11.99602
0,9,14,9.06455
0,10,11,10.27078
0,10,15,5.11339
0,11,12,10.97482
0,11,16,14.73532
0,12,13,15.54209
0,12,17,11.33455
0,13,14,11.53646
0,13,18,20.59545
0,14,19,7.82072
0,15,16,9.82645
0,15,20,13.29497
0,16,17,10.54019
0,16,21,7.38308
0,17,18,6.51194
0,17,22,8.39928
0,18,19,9.89491
0,18,23,13.3127
0,19,24,9.24912
0,20,21,15.35945
0,21,22,19.5396
0,22,23,12.26779
0,23,24,16.04858
1,0,1,11.77622
1,0,5,12.93455
1,1,2,7.73659
1,1,6,7.77946
1,2,3,6.05618
1,2,7,12.02297
1,3,4,4.68651
1,3,8,11.211
1,4,9,7.89408
1,5,6,6.67141
1,5,10,5.52538
1,6,7,6.0349
1,6,11,4.795
1,7,8,6.22517
1,7,12,7.32081
1,8,9,4.49901
1,8,13,7.41594
1,9,14,2.30972
1,10,11,7.20406
1,10,15,11.56347
1,11,12,8.58379
1,11,16,5.54205
1,12,13,9.10105
1,12,17,4.19458
1,13,14,4.06768
1,13,18,5.50468
1,14,19,5.23561
1,15,16,4.65377
1,15,20,9.74029
1,16,17,6.6018
1,16,21,8.44294
1,17,18,5.58104
1,17,22,12.97338
1,18,19,4.25798
1,18,23,7.97646
1,19,24,2.98524
1,20,21,8.57919
1,21,22,4.48724
1,22,23,8.5192
1,23,24,7.78152
2,0,1,14.75209
2,0,5,15.85607
2,1,2,11.12747
2,1,6,21.93235
2,2,3,15.12478
2,2,7,6.92546
2,3,4,9.09334
2,3,8,5.37596
2,4,9,10.65599
2,5,6,11.88939
2,5,10,10.62605
2,6,7,10.58836
2,6,11,13.66844
2,7,8,6.81337
2,7,12,12.4014
2,8,9,10.56321
2,8,13,6.45419
2,9,14,10.29611
2,10,11,8.82941
2,10,15,15.64407
2,11,12,16.09257
2,11,16,10.65174
2,12,13,9.66999
2,12,17,13.39999
2,13,14,11.77955
2,13,18,7.80745
2,14,19,23.46272
2,15,16,8.61887
2,15,20,6.74595
2,16,17,8.72391
2,16,21,15.98832
2,17,18,21.96239
2,17,22,19.50395
2,18,19,12.82806
2,18,23,11.58747
2,19,24,9.88077
2,20,21,7.70787
2,21,22,16.35589
2,22,23,22.33332
2,23,24,10.19121
3,0,1,4.64158
3,0,5,14.86662
3,1,2,8.39383
3,1,6,17.41269
3,2,3,11.46598
3,2,7,14.16719
3,3,4,21.7172
3,3,8,6.96713
3,4,9,9.19783
3,5,6,12.57352
3,5,10,9.4922
3,6,7,15.2899
3,6,11,19.6272
3,7,8,12.5938
3,7,12,18.34504
3,8,9,12.05106
3,8,13,16.09808
3,9,14,12.62612
3,10,11,16.47457
3,10,15,16.71554
3,11,12,11.87202
3,11,16,9.45163
3,12,13,10.58535
3,12,17,12.36079
3,13,14,18.968
3,13,18,7.29619
3,14,19,9.01219
3,15,16,21.47737
3,15,20,10.6785
3,16,17,11.81046
3,16,21,21.20712
3,17,18,19.96768
3,17,22,10.48588
3,18,19,16.52861
3,18,23,8.13439
3,19,24,11.19919
3,20,21,13.89376
3,21,22,9.5508
3,22,23,16.62485
3,23,24,18.29433
4,0,1,9.30674
4,0,5,5.99203
4,1,2,19.37743
4,1,6,5.87879
4,2,3,9.57676
4,2,7,13.77561
4,3,4,26.92074
4,3,8,13.70527
4,4,9,18.67891
4,5,6,13.34455
4,5,10,8.05597
4,6,7,25.53039
4,6,11,26.94094
4,7,8,6.80312
4,7,12,24.42011
4,8,9,25.81324
4,8,13,29.6225
4,9,14,20.84563
4,10,11,13.92469
4,10,15,18.91337
4,11,12,5.86977
4,11,16,12.02053
4,12,13,20.56003
4,12,17,26.73212
4,13,14,16.61545
4,13,18,20.17849
4,14,19,5.06199
4,15,16,32.02566
4,15,20,7.98015
4,16,17,30.44912
4,16,21,6.37616
4,17,18,7.20364
4,17,22,12.19441
4,18,19,13.57456
4,18,23,23.17768
4,19,24,25.96269
4,20,21,4.39911
4,21,22,11.73933
4,22,23,10.72057
4,23,24,18.41826
5,0,1,5.64084
5,0,5,8.8431
5,1,2,7.76247
5,1,6,10.98313
5,2,3,15.25245
5,2,7,9.50242
5,3,4,8.06935
5,3,8,1.9267
5,4,9,11.43184
5,5,6,8.03396
5,5,10,18.38404
5,6,7,4.25656
5,6,11,5.72255
5,7,8,6.91819
5,7,12,4.32455
5,8,9,3.08054
5,8,13,7.40344
5,9,14,4.53324
5,10,11,5.38631
5,10,15,7.97683
5,11,12,6.89871
5,11,16,8.19075
5,12,13,4.51869
5,12,17,2.43551
5,13,14,11.4175
5,13,18,9.50475
5,14,19,7.0573
5,15,16,7.49501
5,15,20,6.85509
5,16,17,11.10697
5,16,21,15.21512
5,17,18,5.04867
5,17,22,4.62253
5,18,19,10.31302
5,18,23,2.0113
5,19,24,2.97086
5,20,21,6.31271
5,21,22,3.8582
5,22,23,9.25845
5,23,24,6.182
6,0,1,8.65469
6,0,5,6.36178
6,1,2,21.34214
6,1,6,8.01051
6,2,3,17.4648
6,2,7,7.95874
6,3,4,4.62476
6,3,8,8.04889
6,4,9,18.49252
6,5,6,6.95963
6,5,10,9.21516
6,6,7,19.28922
6,6,11,20.28477
6,7,8,17.88238
6,7,12,11.90545
6,8,9,28.88773
6,8,13,11.28291
6,9,14,14.40957
6,10,11,20.6475
6,10,15,18.79665
6,11,12,10.90233
6,11,16,13.60353
6,12,13,21.61079
6,12,17,23.80716
6,13,14,18.17456
6,13,18,12.79152
6,14,19,7.06527
6,15,16,19.33815
6,15,20,6.4706
6,16,17,4.29313
6,16,21,8.38352
6,17,18,10.80609
6,17,22,11.37454
6,18,19,9.6576
6,18,23,22.35458
6,19,24,10.322
6,20,21,12.68118
6,21,22,12.89873
6,22,23,12.60848
6,23,24,14.62658
7,0,1,4.88993
7,0,5,7.41538
7,1,2,17.2958
7,1,6,3.93431
7,2,3,16.60837
7,2,7,15.3247
7,3,4,6.4329
7,3,8,7.84396
7,4,9,14.55452
7,5,6,16.00533
7,5,10,14.39979
7,6,7,11.92867
7,6,11,10.42148
7,7,8,5.81059
7,7,12,3.77625
7,8,9,19.41512
7,8,13,17.11321
7,9,14,17.78159
7,10,11,20.6311
7,10,15,7.29074
7,11,12,11.8167
7,11,16,22.71592
7,12,13,12.01396
7,12,17,13.82872
7,13,14,24.87203
7,13,18,18.69657
7,14,19,7.16846
7,15,16,9.93575
7,15,20,7.20113
7,16,17,14.14882
7,16,21,21.19942
7,17,18,13.79598
7,17,22,4.19136
7,18,19,12.10023
7,18,23,5.26413
7,19,24,5.85154
7,20,21,9.59608
7,21,22,17.50344
7,22,23,3.68817
7,23,24,14.73358
8,0,1,4.43265
8,0,5,4.86119
8,1,2,14.31547
8,1,6,4.26183
8,2,3,13.53899
8,2,7,12.89555
8,3,4,19.60884
8,3,8,11.35811
8,4,9,8.20859
8,5,6,16.14134
8,5,10,9.60769
8,6,7,10.3744
8,6,11,18.38886
8,7,8,9.19017
8,7,12,10.23253
8,8,9,10.17371
8,8,13,7.85383
8,9,14,11.42033
8,10,11,17.8223
8,10,15,11.93337
8,11,12,7.98331
8,11,16,15.75595
8,12,13,4.85331
8,12,17,8.21299
8,13,14,13.06793
8,13,18,13.63968
8,14,19,6.79798
8,15,16,12.09043
8,15,20,6.59554
8,16,17,8.54713
8,16,21,16.07222
8,17,18,9.41479
8,17,22,10.14261
8,18,19,22.10488
8,18,23,11.37005
8,19,24,15.33033
8,20,21,11.76285
8,21,22,9.16782
8,22,23,10.37463
8,23,24,11.33395
9,0,1,5.76892
9,0,5,7.93755
9,1,2,7.92974
9,1,6,5.56557
9,2,3,8.8464
9,2,7,5.52775
9,3,4,3.23884
9,3,8,2.55855
9,4,9,8.84482
9,5,6,5.60603
9,5,10,3.72361
9,6,7,2.71086
9,6,11,3.95302
9,7,8,6.13036
9,7,12,1.7598
9,8,9,4.48831
9,8,13,8.10348
9,9,14,4.63324
9,10,11,4.90305
9,10,15,4.96869
9,11,12,12.65971
9,11,16,6.32197
9,12,13,5.7842
9,12,17,7.15533
9,13,14,10.27368
9,13,18,2.28964
9,14,19,5.75246
9,15,16,3.39109
9,15,20,11.78556
9,16,17,1.62742
9,16,21,8.77874
9,17,18,6.00447
9,17,22,4.50032
9,18,19,3.42206
9,18,23,3.45912
9,19,24,2.19444
9,20,21,6.2035
9,21,22,9.51724
9,22,23,4.50319
9,23,24,3.98816
10,0,1,9.17651
10,0,5,3.51576
10,1,2,12.31173
10,1,6,8.60511
10,2,3,5.75765
10,2,7,7.05545
10,3,4,1.66279
10,3,8,5.45236
10,4,9,16.87905
10,5,6,7.74608
10,5,10,5.65275
10,6,7,5.75264
10,6,11,3.55957
10,7,8,22.86964
10,7,12,4.61671
10,8,9,13.992
10,8,13,14.97924
10,9,14,12.62057
10,10,11,5.93683
10,10,15,8.18252
10,11,12,11.76601
10,11,16,3.46643
10,12,13,10.36577
10,12,17,13.42083
10,13,14,19.25307
10,13,18,4.22942
10,14,19,3.24481
10,15,16,7.64598
10,15,20,5.86436
10,16,17,1.59846
10,16,21,4.74964
10,17,18,7.18536
10,17,22,6.50751
10,18,19,3.5113
10,18,23,8.34087
10,19,24,3.92857
10,20,21,5.83099
10,21,22,17.58554
10,22,23,3.30103
10,23,24,8.15293
11,0,1,10.49581
11,0,5,11.35907
11,1,2,3.93964
11,1,6,6.09679
11,2,3,5.3255
11,2,7,5.40202
11,3,4,3.51789
11,3,8,7.92586
11,4,9,6.08413
11,5,6,3.51397
11,5,10,5.89063
11,6,7,4.9663
11,6,11,5.31856
11,7,8,4.98733
11,7,12,4.74057
11,8,9,2.80002
11,8,13,2.98384
11,9,14,2.72663
11,10,11,5.79625
11,10,15,8.29936
11,11,12,10.3842
11,11,16,7.2714
11,12,13,2.40527
11,12,17,4.04015
11,13,14,5.62932
11,13,18,4.56276
11,14,19,4.85806
11,15,16,2.38643
11,15,20,4.95229
11,16,17,4.16025
11,16,21,8.04851
11,17,18,6.18304
11,17,22,9.46107
11,18,19,3.96089
11,18,23,4.02911
11,19,24,6.10625
11,20,21,6.3485
11,21,22,5.95757
11,22,23,6.19209
11,23,24,4.63584
12,0,1,13.58244
12,0,5,4.62409
12,1,2,4.28707
12,1,6,5.34129
12,2,3,4.51572
12,2,7,10.36281
12,3,4,3.10932
12,3,8,7.25085
12,4,9,3.99087
12,5,6,8.481
12,5,10,5.6312
12,6,7,8.23654
12,6,11,5.94802
12,7,8,9.52191
12,7,12,7.38712
12,8,9,3.71653
12,8,13,7.20259
12,9,14,5.73952
12,10,11,4.19697
12,10,15,4.66797
12,11,12,8.04443
12,11,16,3.43061
12,12,13,5.82803
12,12,17,4.26923
12,13,14,3.74
12,13,18,4.41317
12,14,19,10.70923
12,15,16,5.9509
12,15,20,8.26254
12,16,17,9.04671
12,16,21,4.94096
12,17,18,4.2261
12,17,22,7.63315
12,18,19,5.49923
12,18,23,7.39042
12,19,24,6.3322
12,20,21,11.8327
12,21,22,5.41091
12,22,23,10.65617
12,23,24,5.25817
13,0,1,6.93227
13,0,5,9.73931
13,1,2,9.75002
13,1,6,10.20724
13,2,3,11.20675
13,2,7,4.35994
13,3,4,5.48689
13,3,8,8.66876
13,4,9,15.67507
13,5,6,6.15683
13,5,10,11.8384
13,6,7,4.05284
13,6,11,5.54777
13,7,8,7.89552
13,7,12,3.13925
13,8,9,5.78642
13,8,13,6.2022
13,9,14,5.3684
13,10,11,7.20709
13,10,15,8.20146
13,11,12,8.45966
13,11,16,4.12338
13,12,13,9.44048
13,12,17,9.55874
13,13,14,7.45846
13,13,18,4.95175
13,14,19,5.00304
13,15,16,8.79753
13,15,20,11.2145
13,16,17,4.45247
13,16,21,8.93408
13,17,18,7.57569
13,17,22,5.44659
13,18,19,2.85922
13,18,23,10.99848
13,19,24,4.78265
13,20,21,5.42999
13,21,22,6.52668
13,22,23,6.08617
13,23,24,7.96233
14,0,1,12.48801
14,0,5,10.82676
14,1,2,5.29389
14,1,6,7.92328
14,2,3,7.79809
14,2,7,4.83849
14,3,4,7.68737
14,3,8,4.73558
14,4,9,9.78308
14,5,6,7.34353
14,5,10,6.70822
14,6,7,4.81415
14,6,11,7.22343
14,7,8,9.51021
14,7,12,6.18247
14,8,9,5.45573
14,8,13,5.0787
14,9,14,5.68931
14,10,11,7.97654
14,10,15,8.54497
14,11,12,11.58839
14,11,16,2.96002
14,12,13,4.16126
14,12,17,3.94519
14,13,14,5.12286
14,13,18,3.96189
14,14,19,12.20765
14,15,16,3.16368
14,15,20,5.56605
14,16,17,6.99249
14,16,21,4.46253
14,17,18,6.01344
14,17,22,11.24676
14,18,19,5.34281
14,18,23,3.45719
14,19,24,6.41783
14,20,21,10.06832
14,21,22,3.98541
14,22,23,8.21585
14,23,24,6.38264
15,0,1,10.06653
15,0,5,4.17737
15,1,2,6.70091
15,1,6,8.32563
15,2,3,10.70313
15,2,7,8.67795
15,3,4,8.95366
15,3,8,6.19086
15,4,9,11.7556
15,5,6,12.54211
15,5,10,3.67473
15,6,7,10.623
15,6,11,5.87828
15,7,8,6.62579
15,7,12,7.8801
15,8,9,7.1416
15,8,13,14.52761
15,9,14,6.58279
15,10,11,4.6573
15,10,15,11.18536
15,11,12,9.06451
15,11,16,5.06411
15,12,13,12.10176
15,12,17,4.78276
15,13,14,11.18666
15,13,18,7.73965
15,14,19,8.83983
15,15,16,5.51786
15,15,20,10.41219
15,16,17,11.88353
15,16,21,10.35506
15,17,18,3.92473
15,17,22,7.49481
15,18,19,8.47597
15,18,23,7.39147
15,19,24,3.26825
15,20,21,8.88605
15,21,22,8.49346
15,22,23,4.67158
15,23,24,6.1933
16,0,1,6.24132
16,0,5,11.32546
16,1,2,11.73888
16,1,6,12.46698
16,2,3,8.1946
16,2,7,5.49402
16,3,4,2.97147
16,3,8,5.2933
16,4,9,5.33409
16,5,6,4.71904
16,5,10,7.61847
16,6,7,6.86793
16,6,11,5.80144
16,7,8,9.00115
16,7,12,4.97209
16,8,9,3.66515
16,8,13,9.79972
16,9,14,4.81881
16,10,11,5.60896
16,10,15,16.72553
16,11,12,4.10613
16,11,16,2.18041
16,12,13,6.81158
16,12,17,7.33529
16,13,14,10.54855
16,13,18,4.27304
16,14,19,7.28452
16,15,16,4.43404
16,15,20,7.20677
16,16,17,4.22089
16,16,21,8.92426
16,17,18,8.77101
16,17,22,9.39521
16,18,19,4.5863
16,18,23,6.47401
16,19,24,3.4312
16,20,21,8.67321
16,21,22,7.87945
16,22,23,12.12923
16,23,24,7.46172
17,0,1,10.72232
17,0,5,8.12591
17,1,2,16.26691
17,1,6,11.96434
17,2,3,8.8636
17,2,7,6.74465
17,3,4,5.26356
17,3,8,7.39007
17,4,9,10.90366
17,5,6,13.22592
17,5,10,15.00804
17,6,7,10.0159
17,6,11,6.00189
17,7,8,8.27046
17,7,12,10.28882
17,8,9,7.14183
17,8,13,9.3644
17,9,14,10.73568
17,10,11,7.35727
17,10,15,12.16488
17,11,12,11.79575
17,11,16,9.90726
17,12,13,10.51625
17,12,17,7.84778
17,13,14,9.91257
17,13,18,11.79507
17,14,19,12.1803
17,15,16,8.3093
17,15,20,13.53757
17,16,17,4.70318
17,16,21,6.75403
17,17,18,7.67197
17,17,22,14.12657
17,18,19,8.20047
17,18,23,6.73095
17,19,24,7.49102
17,20,21,13.40901
17,21,22,11.94542
17,22,23,15.17518
17,23,24,7.28532
18,0,1,6.04447
18,0,5,3.99107
18,1,2,15.50674
18,1,6,6.75152
18,2,3,15.19756
18,2,7,9.87794
18,3,4,8.0784
18,3,8,12.33488
18,4,9,13.94575
18,5,6,12.1741
18,5,10,6.28084
18,6,7,18.48084
18,6,11,8.08191
18,7,8,6.24461
18,7,12,5.49836
18,8,9,16.58265
18,8,13,31.39605
18,9,14,12.73463
18,10,11,16.01167
18,10,15,17.99541
18,11,12,5.00333
18,11,16,21.29082
18,12,13,16.76253
18,12,17,19.74049
18,13,14,19.79778
18,13,18,9.51367
18,14,19,3.55875
18,15,16,21.5361
18,15,20,8.32085
18,16,17,18.28645
18,16,21,14.33591
18,17,18,13.68486
18,17,22,4.83297
18,18,19,15.73281
18,18,23,19.54243
18,19,24,8.29692
18,20,21,3.58819
18,21,22,16.08111
18,22,23,7.8886
18,23,24,16.58325
19,0,1,10.21864
19,0,5,3.39742
19,1,2,8.44381
19,1,6,5.66124
19,2,3,10.49716
19,2,7,11.16206
19,3,4,7.70936
19,3,8,7.60388
19,4,9,10.81907
19,5,6,17.5588
19,5,10,6.02772
19,6,7,8.77068
19,6,11,14.71485
19,7,8,3.67565
19,7,12,7.47455
19,8,9,8.13813
19,8,13,16.3041
19,9,14,16.53083
19,10,11,17.32173
19,10,15,10.83546
19,11,12,13.84718
19,11,16,20.46655
19,12,13,6.46286
19,12,17,8.76704
19,13,14,8.77688
19,13,18,17.26232
19,14,19,6.32904
19,15,16,4.44654
19,15,20,4.64404
19,16,17,12.41228
19,16,21,5.68928
19,17,18,7.42069
19,17,22,8.45102
19,18,19,11.96062
19,18,23,8.82068
19,19,24,5.43865
19,20,21,12.31378
19,21,22,6.59326
19,22,23,4.43037
19,23,24,5.85855
20,0,1,19.0385
20,0,5,12.145
20,1,2,21.05735
20,1,6,12.52859
20,2,3,6.53435
20,2,7,7.04572
20,3,4,4.21689
20,3,8,6.50112
20,4,9,12.36217
20,5,6,4.43766
20,5,10,12.42403
20,6,7,12.85951
20,6,11,5.44935
20,7,8,21.92598
20,7,12,7.65248
20,8,9,12.58979
20,8,13,10.57722
20,9,14,13.23732
20,10,11,4.9831
20,10,15,25.87029
20,11,12,11.35941
20,11,16,6.56404
20,12,13,8.25281
20,12,17,13.29349
20,13,14,7.93527
20,13,18,2.86493
20,14,19,10.89994
20,15,16,11.57882
20,15,20,6.99698
20,16,17,6.87045
20,16,21,14.11589
20,17,18,31.32794
20,17,22,16.60522
20,18,19,4.60772
20,18,23,10.52975
20,19,24,10.36231
20,20,21,19.58438
20,21,22,17.15731
20,22,23,9.65168
20,23,24,17.1902
21,0,1,9.28476
21,0,5,7.62048
21,1,2,11.49043
21,1,6,9.59445
21,2,3,12.52959
21,2,7,13.86103
21,3,4,8.97556
21,3,8,6.45383
21,4,9,16.57098
21,5,6,13.32388
21,5,10,8.15897
21,6,7,12.82194
21,6,11,15.72398
21,7,8,10.12874
21,7,12,6.01646
21,8,9,13.8029
21,8,13,18.18778
21,9,14,14.93208
21,10,11,15.83442
21,10,15,8.21585
21,11,12,13.51306
21,11,16,11.4311
21,12,13,20.20382
21,12,17,16.09843
21,13,14,16.87315
21,13,18,14.18734
21,14,19,3.47808
21,15,16,7.1437
21,15,20,8.91544
21,16,17,7.93356
21,16,21,7.49484
21,17,18,5.10381
21,17,22,5.45748
21,18,19,10.35277
21,18,23,12.82989
21,19,24,9.38925
21,20,21,15.46289
21,21,22,13.86787
21,22,23,9.20016
21,23,24,7.27171
22,0,1,9.62027
22,0,5,5.07013
22,1,2,8.59136
22,1,6,4.36778
22,2,3,8.58112
22,2,7,9.81893
22,3,4,5.07552
22,3,8,9.75087
22,4,9,8.15936
22,5,6,5.57902
22,5,10,4.02941
22,6,7,11.32657
22,6,11,6.96877
22,7,8,8.95609
22,7,12,7.58542
22,8,9,10.80273
22,8,13,8.25435
22,9,14,8.3192
22,10,11,6.54949
22,10,15,5.28763
22,11,12,9.87022
22,11,16,6.75602
22,12,13,8.39896
22,12,17,13.03092
22,13,14,6.44095
22,13,18,4.62616
22,14,19,5.39257
22,15,16,5.18619
22,15,20,13.32343
22,16,17,5.83807
22,16,21,5.94527
22,17,18,8.46713
22,17,22,12.22017
22,18,19,6.36712
22,18,23,8.57912
22,19,24,6.82156
22,20,21,6.10076
22,21,22,17.79411
22,22,23,4.77486
22,23,24,10.33052
23,0,1,14.26552
23,0,5,7.8297
23,1,2,3.82955
23,1,6,17.62341
23,2,3,5.91
23,2,7,6.23889
23,3,4,7.38702
23,3,8,12.28214
23,4,9,7.90095
23,5,6,6.08811
23,5,10,7.79082
23,6,7,6.93092
23,6,11,9.46073
23,7,8,10.58603
23,7,12,5.4314
23,8,9,4.06003
23,8,13,4.65533
23,9,14,7.74743
23,10,11,6.68359
23,10,15,6.05025
23,11,12,8.97489
23,11,16,4.79716
23,12,13,8.0675
23,12,17,5.74809
23,13,14,4.83387
23,13,18,4.34701
23,14,19,9.00029
23,15,16,8.47261
23,15,20,13.74282
23,16,17,6.64629
23,16,21,10.53319
23,17,18,5.17804
23,17,22,16.82667
23,18,19,5.83929
23,18,23,6.84095
23,19,24,4.60857
23,20,21,17.78446
23,21,22,8.31233
23,22,23,14.43523
23,23,24,7.74274
24,0,1,4.89901
24,0,5,8.86797
24,1,2,4.56643
24,1,6,4.19568
24,2,3,9.61978
24,2,7,4.4069
24,3,4,8.10263
24,3,8,6.20746
24,4,9,7.46165
24,5,6,8.93966
24,5,10,5.96759
24,6,7,5.47236
24,6,11,10.08862
24,7,8,8.08549
24,7,12,5.6939
24,8,9,4.71409
24,8,13,3.42023
24,9,14,7.01518
24,10,11,7.93854
24,10,15,6.6624
24,11,12,9.52246
24,11,16,13.41013
24,12,13,6.16534
24,12,17,4.01354
24,13,14,8.0019
24,13,18,10.47171
24,14,19,7.45301
24,15,16,2.27985
24,15,20,12.11292
24,16,17,8.48254
24,16,21,8.0218
24,17,18,3.89099
24,17,22,4.58689
24,18,19,5.0768
24,18,23,2.68377
24,19,24,5.96071
24,20,21,10.29623
24,21,22,3.8249
24,22,23,8.2224
24,23,24,4.12835
25,0,1,9.18421
25,0,5,7.48475
25,1,2,10.87541
25,1,6,12.02778
25,2,3,9.1808
25,2,7,5.55962
25,3,4,9.98129
25,3,8,4.02931
25,4,9,5.53918
25,5,6,6.09106
25,5,10,9.28929
25,6,7,11.76224
25,6,11,3.23272
25,7,8,13.51886
25,7,12,6.09607
25,8,9,9.14109
25,8,13,11.10088
25,9,14,10.25429
25,10,11,3.68103
25,10,15,7.83268
25,11,12,8.99427
25,11,16,5.82172
25,12,13,4.82844
25,12,17,4.68154
25,13,14,7.69351
25,13,18,6.11373
25,14,19,13.19836
25,15,16,10.70579
25,15,20,11.64201
25,16,17,5.09532
25,16,21,12.12101
25,17,18,16.18504
25,17,22,10.64567
25,18,19,7.81905
25,18,23,12.41796
25,19,24,3.74018
25,20,21,5.7246
25,21,22,6.07297
25,22,23,12.39692
25,23,24,9.23622
26,0,1,13.87429
26,0,5,9.45032
26,1,2,5.95786
26,1,6,7.70924
26,2,3,14.31302
26,2,7,8.86843
26,3,4,3.26194
26,3,8,11.743
26,4,9,5.90462
26,5,6,9.48615
26,5,10,10.95305
26,6,7,10.7857
26,6,11,8.84566
26,7,8,7.19858
26,7,12,10.11913
26,8,9,8.47741
26,8,13,4.19467
26,9,14,9.37182
26,10,11,8.77957
26,10,15,7.50776
26,11,12,11.23663
26,11,16,11.49285
26,12,13,6.5491
26,12,17,7.43785
26,13,14,8.94546
26,13,18,8.73878
26,14,19,10.97038
26,15,16,5.86962
26,15,20,8.32705
26,16,17,6.80479
26,16,21,4.23742
26,17,18,10.28123
26,17,22,6.76307
26,18,19,6.56444
26,18,23,8.00273
26,19,24,10.70964
26,20,21,14.23105
26,21,22,7.9754
26,22,23,7.54416
26,23,24,6.83015
27,0,1,12.15464
27,0,5,12.42388
27,1,2,9.32045
27,1,6,7.46167
27,2,3,10.07698
27,2,7,13.81493
27,3,4,18.86133
27,3,8,15.78764
27,4,9,7.28641
27,5,6,6.29656
27,5,10,8.54316
27,6,7,16.33676
27,6,11,8.5229
27,7,8,8.92579
27,7,12,16.11775
27,8,9,8.73769
27,8,13,18.93996
27,9,14,12.04906
27,10,11,13.17699
27,10,15,6.11179
27,11,12,6.6091
27,11,16,13.92951
27,12,13,12.5115
27,12,17,17.20461
27,13,14,9.49879
27,13,18,9.45221
27,14,19,6.19889
27,15,16,14.40891
27,15,20,5.33259
27,16,17,11.14938
27,16,21,7.30643
27,17,18,3.47834
27,17,22,7.46059
27,18,19,9.00001
27,18,23,7.58705
27,19,24,11.09958
27,20,21,7.77414
27,21,22,7.2616
27,22,23,5.01243
27,23,24,10.95056
28,0,1,10.03388
28,0,5,17.57572
28,1,2,8.18911
28,1,6,8.80592
28,2,3,8.49021
28,2,7,9.26672
28,3,4,10.70385
28,3,8,10.37225
28,4,9,8.25559
28,5,6,13.20052
28,5,10,4.89619
28,6,7,13.734
28,6,11,6.94439
28,7,8,15.31056
28,7,12,13.28416
28,8,9,5.66809
28,8,13,16.43487
28,9,14,6.71986
28,10,11,5.93138
28,10,15,14.03404
28,11,12,8.29224
28,11,16,8.29426
28,12,13,7.71938
28,12,17,19.12066
28,13,14,6.6975
28,13,18,15.3044
28,14,19,17.89564
28,15,16,14.97798
28,15,20,12.04751
28,16,17,16.60741
28,16,21,13.46148
28,17,18,14.11844
28,17,22,18.89628
28,18,19,15.11157
28,18,23,9.81663
28,19,24,12.33148
28,20,21,8.1908
28,21,22,5.54678
28,22,23,11.72423
28,23,24,14.26372
29,0,1,13.91588
29,0,5,11.45909
29,1,2,15.2888
29,1,6,7.28982
29,2,3,7.54706
29,2,7,6.36522
29,3,4,13.36152
29,3,8,16.38301
29,4,9,7.69606
29,5,6,13.86328
29,5,10,17.60383
29,6,7,9.49679
29,6,11,20.33462
29,7,8,4.3384
29,7,12,7.72638
29,8,9,19.00002
29,8,13,12.38321
29,9,14,16.85535
29,10,11,13.79016
29,10,15,3.50714
29,11,12,21.54355
29,11,16,13.70841
29,12,13,11.11957
29,12,17,6.75068
29,13,14,7.0044
29,13,18,11.48969
29,14,19,11.23131
29,15,16,6.27348
29,15,20,13.63395
29,16,17,12.5001
29,16,21,18.42368
29,17,18,7.82715
29,17,22,9.51866
29,18,19,9.89095
29,18,23,11.93615
29,19,24,21.90856
29,20,21,21.27743
29,21,22,13.40633
29,22,23,8.48463
29,23,24,4.52159
30,0,1,10.10113
30,0,5,14.83779
30,1,2,11.07055
30,1,6,19.81641
30,2,3,6.14573
30,2,7,9.30309
30,3,4,4.47914
30,3,8,17.44075
30,4,9,6.88629
30,5,6,12.14292
30,5,10,11.07463
30,6,7,12.87133
30,6,11,9.76771
30,7,8,15.55294
30,7,12,14.85458
30,8,9,11.38787
30,8,13,7.57091
30,9,14,9.04479
30,10,11,12.01568
30,10,15,6.34968
30,11,12,14.52941
30,11,16,8.53428
30,12,13,12.59309
30,12,17,5.74179
30,13,14,5.36388
30,13,18,11.33675
30,14,19,11.97946
30,15,16,8.20636
30,15,20,14.18759
30,16,17,9.12139
30,16,21,6.57018
30,17,18,11.91827
30,17,22,6.96637
30,18,19,9.28259
30,18,23,9.00485
30,19,24,14.56568
30,20,21,21.27525
30,21,22,18.86512
30,22,23,10.99504
30,23,24,4.86259
31,0,1,8.70124
31,0,5,8.95294
31,1,2,19.48459
31,1,6,5.03237
31,2,3,13.66177
31,2,7,10.62569
31,3,4,10.80189
31,3,8,7.75457
31,4,9,17.03601
31,5,6,10.32628
31,5,10,6.36023
31,6,7,7.17291
31,6,11,14.79991
31,7,8,9.71586
31,7,12,7.2595
31,8,9,13.16047
31,8,13,8.0857
31,9,14,15.03356
31,10,11,11.5481
31,10,15,13.03824
31,11,12,15.92935
31,11,16,10.79114
31,12,13,9.17282
31,12,17,7.61862
31,13,14,10.53103
31,13,18,12.82123
31,14,19,5.20426
31,15,16,5.60263
31,15,20,10.45481
31,16,17,4.34691
31,16,21,9.08456
31,17,18,8.38068
31,17,22,3.80786
31,18,19,5.80698
31,18,23,8.4467
31,19,24,10.9001
31,20,21,17.60665
31,21,22,15.53408
31,22,23,3.58967
31,23,24,5.9387
32,0,1,8.09572
32,0,5,11.49409
32,1,2,11.01154
32,1,6,11.6874
32,2,3,7.76858
32,2,7,24.70238
32,3,4,23.53903
32,3,8,10.73011
32,4,9,9.24919
32,5,6,18.43545
32,5,10,10.97662
32,6,7,14.80876
32,6,11,25.56791
32,7,8,7.30436
32,7,12,12.11744
32,8,9,7.66533
32,8,13,22.32069
32,9,14,15.04589
32,10,11,19.30381
32,10,15,4.98191
32,11,12,11.72176
32,11,16,20.80669
32,12,13,8.20469
32,12,17,18.61864
32,13,14,8.00423
32,13,18,21.68263
32,14,19,6.0714
32,15,16,13.57939
32,15,20,6.48256
32,16,17,12.34702
32,16,21,7.92246
32,17,18,4.46281
32,17,22,4.90052
32,18,19,27.72692
32,18,23,19.47774
32,19,24,21.95932
32,20,21,8.09756
32,21,22,7.80057
32,22,23,4.73253
32,23,24,9.54635
33,0,1,4.17961
33,0,5,2.41231
33,1,2,12.9884
33,1,6,3.14921
33,2,3,11.89922
33,2,7,12.48661
33,3,4,8.79899
33,3,8,12.77019
33,4,9,5.3749
33,5,6,6.66804
33,5,10,6.79785
33,6,7,12.88105
33,6,11,9.09656
33,7,8,7.90308
33,7,12,5.52369
33,8,9,5.36605
33,8,13,16.05726
33,9,14,8.59259
33,10,11,7.10911
33,10,15,4.26336
33,11,12,5.15962
33,11,16,13.18485
33,12,13,8.28725
33,12,17,11.32786
33,13,14,10.35543
33,13,18,12.83907
33,14,19,4.59073
33,15,16,5.24494
33,15,20,4.2611
33,16,17,10.60473
33,16,21,7.7882
33,17,18,4.33749
33,17,22,2.7645
33,18,19,10.31506
33,18,23,5.21394
33,19,24,5.35615
33,20,21,5.20501
33,21,22,4.06169
33,22,23,4.58806
33,23,24,4.92876
34,0,1,9.21269
34,0,5,15.79904
34,1,2,27.31175
34,1,6,12.62731
34,2,3,12.12175
34,2,7,8.29965
34,3,4,12.26633
34,3,8,14.46454
34,4,9,21.8512
34,5,6,11.93602
34,5,10,11.20579
34,6,7,21.30708
34,6,11,20.92515
34,7,8,12.80054
34,7,12,7.45004
34,8,9,29.16499
34,8,13,14.79925
34,9,14,17.07578
34,10,11,18.27803
34,10,15,19.95784
34,11,12,15.76293
34,11,16,7.51796
34,12,13,19.69022
34,12,17,21.67618
34,13,14,26.07779
34,13,18,21.05728
34,14,19,9.91279
34,15,16,27.49851
34,15,20,14.45174
34,16,17,6.20784
34,16,21,11.28748
34,17,18,31.62792
34,17,22,13.85566
34,18,19,15.39925
34,18,23,15.00477
34,19,24,15.61422
34,20,21,19.16715
34,21,22,19.47246
34,22,23,14.45201
34,23,24,28.08573
35,0,1,14.35295
35,0,5,13.30449
35,1,2,17.04781
35,1,6,26.46153
35,2,3,13.37588
35,2,7,11.36144
35,3,4,18.61804
35,3,8,11.43205
35,4,9,10.68808
35,5,6,15.43603
35,5,10,12.97674
35,6,7,20.44368
35,6,11,11.78712
35,7,8,7.70528
35,7,12,20.11834
35,8,9,14.69585
35,8,13,11.77294
35,9,14,12.20922
35,10,11,13.65507
35,10,15,15.35691
35,11,12,19.40862
35,11,16,12.75021
35,12,13,14.22262
35,12,17,15.49755
35,13,14,6.63321
35,13,18,10.0817
35,14,19,21.29283
35,15,16,20.12399
35,15,20,21.68936
35,16,17,9.99174
35,16,21,11.03271
35,17,18,12.88084
35,17,22,18.27961
35,18,19,14.57539
35,18,23,14.9111
35,19,24,30.0205
35,20,21,20.1779
35,21,22,26.58925
35,22,23,13.31855
35,23,24,14.37391
36,0,1,11.34402
36,0,5,8.85647
36,1,2,6.84191
36,1,6,8.3496
36,2,3,14.46634
36,2,7,8.11522
36,3,4,5.64855
36,3,8,5.45469
36,4,9,6.82193
36,5,6,6.25276
36,5,10,9.98265
36,6,7,3.82705
36,6,11,14.11288
36,7,8,9.96304
36,7,12,9.69643
36,8,9,7.96912
36,8,13,6.52248
36,9,14,7.67973
36,10,11,6.03227
36,10,15,8.97411
36,11,12,7.68474
36,11,16,9.69061
36,12,13,5.54001
36,12,17,4.38122
36,13,14,10.87849
36,13,18,7.71282
36,14,19,9.21106
36,15,16,9.3522
36,15,20,10.98834
36,16,17,8.72729
36,16,21,7.91563
36,17,18,10.89098
36,17,22,13.85255
36,18,19,10.78837
36,18,23,10.49143
36,19,24,12.47983
36,20,21,9.88935
36,21,22,11.73033
36,22,23,10.89999
36,23,24,11.94151
37,0,1,9.78709
37,0,5,19.80943
37,1,2,13.01227
37,1,6,20.29077
37,2,3,10.10682
37,2,7,7.79894
37,3,4,14.33557
37,3,8,7.20097
37,4,9,11.54457
37,5,6,5.74055
37,5,10,24.62188
37,6,7,12.53882
37,6,11,11.37539
37,7,8,9.24243
37,7,12,20.00582
37,8,9,11.24355
37,8,13,3.7479
37,9,14,6.56217
37,10,11,6.61
37,10,15,8.53767
37,11,12,20.83541
37,11,16,11.61126
37,12,13,6.19312
37,12,17,11.83545
37,13,14,7.39936
37,13,18,6.06427
37,14,19,12.38061
37,15,16,16.98886
37,15,20,16.15066
37,16,17,7.83254
37,16,21,14.95928
37,17,18,17.57324
37,17,22,22.41438
37,18,19,22.62901
37,18,23,7.77978
37,19,24,12.73197
37,20,21,8.00641
37,21,22,14.89804
37,22,23,11.38193
37,23,24,14.03267
38,0,1,5.62935
38,0,5,7.2632
38,1,2,15.08795
38,1,6,5.91267
38,2,3,12.778
38,2,7,4.13039
38,3,4,9.85392
38,3,8,3.33148
38,4,9,21.88773
38,5,6,7.71082
38,5,10,14.68651
38,6,7,5.51385
38,6,11,4.37194
38,7,8,8.58433
38,7,12,5.65563
38,8,9,3.90498
38,8,13,10.1713
38,9,14,7.68429
38,10,11,9.25625
38,10,15,13.95137
38,11,12,9.46397
38,11,16,4.90256
38,12,13,4.66598
38,12,17,4.99882
38,13,14,9.90672
38,13,18,4.777
38,14,19,9.97726
38,15,16,4.17988
38,15,20,7.00581
38,16,17,6.33736
38,16,21,18.89427
38,17,18,8.12898
38,17,22,7.43468
38,18,19,8.9909
38,18,23,2.90569
38,19,24,4.9561
38,20,21,8.21091
38,21,22,11.98666
38,22,23,3.44391
38,23,24,5.30741
39,0,1,6.31882
39,0,5,20.1606
39,1,2,15.30047
39,1,6,12.27661
39,2,3,8.88309
39,2,7,13.18899
39,3,4,11.37099
39,3,8,11.79092
39,4,9,6.85435
39,5,6,15.18874
39,5,10,19.72796
39,6,7,10.38322
39,6,11,13.33421
39,7,8,17.50075
39,7,12,9.16056
39,8,9,14.33756
39,8,13,13.23795
39,9,14,10.78653
39,10,11,12.28902
39,10,15,17.83198
39,11,12,9.81789
39,11,16,14.32938
39,12,13,7.8112
39,12,17,15.61592
39,13,14,8.79634
39,13,18,7.04387
39,14,19,9.88528
39,15,16,12.96007
39,15,20,7.55033
39,16,17,9.03809
39,16,21,15.72674
39,17,18,26.30397
39,17,22,10.01216
39,18,19,21.60258
39,18,23,12.88911
39,19,24,19.04576
39,20,21,14.22914
39,21,22,7.18752
39,22,23,10.61175
39,23,24,13.30274
40,0,1,9.52638
40,0,5,7.20691
40,1,2,7.218
40,1,6,15.3369
40,2,3,11.14799
40,2,7,15.56542
40,3,4,10.4382
40,3,8,9.94046
40,4,9,13.43529
40,5,6,7.04568
40,5,10,9.55661
40,6,7,19.19131
40,6,11,9.88277
40,7,8,6.55247
40,7,12,21.62541
40,8,9,12.62502
40,8,13,10.37534
40,9,14,17.91724
40,10,11,15.00308
40,10,15,6.40624
40,11,12,14.43885
40,11,16,13.06911
40,12,13,7.98663
40,12,17,20.55877
40,13,14,6.84221
40,13,18,17.70272
40,14,19,15.60259
40,15,16,14.76463
40,15,20,14.38112
40,16,17,15.04236
40,16,21,10.79373
40,17,18,9.00732
40,17,22,7.60942
40,18,19,16.04561
40,18,23,19.62412
40,19,24,14.98165
40,20,21,11.30812
40,21,22,16.22541
40,22,23,14.36187
40,23,24,8.04111
41,0,1,8.37315
41,0,5,7.52208
41,1,2,17.55569
41,1,6,9.48163
41,2,3,12.12835
41,2,7,4.10712
41,3,4,3.62865
41,3,8,6.94736
41,4,9,18.71699
41,5,6,4.32783
41,5,10,15.42978
41,6,7,5.59715
41,6,11,6.28684
41,7,8,12.56048
41,7,12,5.03721
41,8,9,5.31582
41,8,13,6.79205
41,9,14,11.75507
41,10,11,10.29486
41,10,15,10.42706
41,11,12,8.39816
41,11,16,8.04422
41,12,13,5.6378
41,12,17,5.19115
41,13,14,15.76564
41,13,18,9.16373
41,14,19,6.09567
41,15,16,5.63858
41,15,20,10.95002
41,16,17,4.82181
41,16,21,14.92314
41,17,18,9.53905
41,17,22,7.77885
41,18,19,6.29764
41,18,23,9.12244
41,19,24,5.14012
41,20,21,11.19676
41,21,22,12.77136
41,22,23,7.29604
41,23,24,8.1481
42,0,1,9.34899
42,0,5,6.65765
42,1,2,10.30834
42,1,6,11.28921
42,2,3,6.864
42,2,7,4.8594
42,3,4,8.39464
42,3,8,8.63675
42,4,9,15.05043
42,5,6,7.4656
42,5,10,6.29469
42,6,7,11.68467
42,6,11,8.93007
42,7,8,11.9431
42,7,12,6.76826
42,8,9,11.9245
42,8,13,6.21854
42,9,14,5.11525
42,10,11,6.36005
42,10,15,16.158
42,11,12,4.45525
42,11,16,11.76211
42,12,13,5.61535
42,12,17,7.86878
42,13,14,15.94707
42,13,18,7.20546
42,14,19,12.9069
42,15,16,12.25512
42,15,20,4.59126
42,16,17,16.43062
42,16,21,11.10511
42,17,18,8.88725
42,17,22,9.75365
42,18,19,10.35772
42,18,23,9.64964
42,19,24,7.38318
42,20,21,8.95159
42,21,22,11.20446
42,22,23,5.22947
42,23,24,9.98057
43,0,1,12.53273
43,0,5,6.25863
43,1,2,10.08385
43,1,6,3.89874
43,2,3,9.10421
43,2,7,18.57475
43,3,4,12.98578
43,3,8,13.10345
43,4,9,8.27176
43,5,6,16.86728
43,5,10,14.70471
43,6,7,8.66872
43,6,11,9.93983
43,7,8,8.87908
43,7,12,11.14725
43,8,9,12.79562
43,8,13,12.15476
43,9,14,12.32098
43,10,11,12.58788
43,10,15,8.74005
43,11,12,9.41497
43,11,16,23.04387
43,12,13,5.48909
43,12,17,10.9913
43,13,14,11.86508
43,13,18,14.88148
43,14,19,4.60017
43,15,16,6.41276
43,15,20,4.58611
43,16,17,6.52103
43,16,21,7.16884
43,17,18,3.85192
43,17,22,7.87039
43,18,19,21.91989
43,18,23,4.9353
43,19,24,19.1884
43,20,21,12.88564
43,21,22,5.02806
43,22,23,4.07928
43,23,24,7.05358
44,0,1,9.29383
44,0,5,13.34697
44,1,2,4.75237
44,1,6,17.19295
44,2,3,12.5581
44,2,7,12.38676
44,3,4,11.84537
44,3,8,13.91267
44,4,9,10.66154
44,5,6,7.56315
44,5,10,15.31353
44,6,7,14.87227
44,6,11,13.43171
44,7,8,12.13332
44,7,12,14.61896
44,8,9,8.71681
44,8,13,10.7985
44,9,14,15.71502
44,10,11,15.23606
44,10,15,10.06834
44,11,12,11.92713
44,11,16,9.29076
44,12,13,10.14355
44,12,17,15.26682
44,13,14,6.46272
44,13,18,7.34504
44,14,19,14.29488
44,15,16,11.21475
44,15,20,10.88811
44,16,17,12.63887
44,16,21,7.92277
44,17,18,12.02425
44,17,22,12.87273
44,18,19,17.03193
44,18,23,8.52066
44,19,24,21.87434
44,20,21,12.63674
44,21,22,14.44026
44,22,23,17.93926
44,23,24,18.38336
45,0,1,7.68651
45,0,5,10.88358
45,1,2,14.03852
45,1,6,13.67855
45,2,3,15.93195
45,2,7,12.41006
45,3,4,12.46497
45,3,8,9.21953
45,4,9,17.63884
45,5,6,8.09809
45,5,10,18.075
45,6,7,9.7398
45,6,11,10.06095
45,7,8,4.96517
45,7,12,13.21195
45,8,9,11.52445
45,8,13,7.02538
45,9,14,12.67758
45,10,11,5.84401
45,10,15,21.73353
45,11,12,9.75362
45,11,16,9.98479
45,12,13,7.03277
45,12,17,6.80934
45,13,14,16.22617
45,13,18,7.86064
45,14,19,9.13519
45,15,16,10.00531
45,15,20,6.39354
45,16,17,12.63116
45,16,21,20.86898
45,17,18,11.66238
45,17,22,15.40865
45,18,19,20.79965
45,18,23,8.40554
45,19,24,12.64043
45,20,21,8.84899
45,21,22,12.89976
45,22,23,14.47075
45,23,24,8.15935
46,0,1,15.73206
46,0,5,10.7312
46,1,2,3.80646
46,1,6,13.73981
46,2,3,6.05018
46,2,7,9.05646
46,3,4,6.15289
46,3,8,6.48968
46,4,9,7.73043
46,5,6,6.94886
46,5,10,8.49774
46,6,7,11.65825
46,6,11,7.39305
46,7,8,13.84428
46,7,12,8.19581
46,8,9,8.1794
46,8,13,4.4413
46,9,14,7.22967
46,10,11,3.36717
46,10,15,8.55863
46,11,12,10.15861
46,11,16,5.16988
46,12,13,12.37407
46,12,17,12.16886
46,13,14,4.24418
46,13,18,4.19351
46,14,19,12.25143
46,15,16,8.03435
46,15,20,14.09897
46,16,17,4.39565
46,16,21,5.91597
46,17,18,8.52249
46,17,22,5.68211
46,18,19,2.83846
46,18,23,8.18412
46,19,24,4.93701
46,20,21,10.23892
46,21,22,10.22213
46,22,23,10.70956
46,23,24,5.98802
47,0,1,18.85961
47,0,5,10.7073
47,1,2,7.42848
47,1,6,13.352
47,2,3,9.19279
47,2,7,10.92757
47,3,4,6.21628
47,3,8,7.06705
47,4,9,10.39955
47,5,6,13.28964
47,5,10,16.24329
47,6,7,6.56093
47,6,11,8.24902
47,7,8,7.45221
47,7,12,9.48754
47,8,9,8.2526
47,8,13,10.01606
47,9,14,6.83798
47,10,11,9.35192
47,10,15,10.30648
47,11,12,19.60726
47,11,16,11.92569
47,12,13,9.09523
47,12,17,9.83291
47,13,14,7.3106
47,13,18,6.34379
47,14,19,8.62195
47,15,16,11.45777
47,15,20,7.23126
47,16,17,7.38965
47,16,21,9.44489
47,17,18,14.39638
47,17,22,10.50354
47,18,19,6.64956
47,18,23,5.67291
47,19,24,15.27489
47,20,21,16.44463
47,21,22,17.7008
47,22,23,10.80106
47,23,24,6.07052
48,0,1,10.77847
48,0,5,8.08565
48,1,2,7.80344
48,1,6,13.82486
48,2,3,9.71557
48,2,7,10.27085
48,3,4,9.17512
48,3,8,5.56346
48,4,9,11.84935
48,5,6,14.9166
48,5,10,22.35234
48,6,7,5.96822
48,6,11,14.5516
48,7,8,8.72908
48,7,12,15.45073
48,8,9,5.62754
48,8,13,10.02202
48,9,14,6.11598
48,10,11,5.33143
48,10,15,18.31833
48,11,12,13.27678
48,11,16,9.12646
48,12,13,6.74278
48,12,17,3.72494
48,13,14,14.81002
48,13,18,14.94755
48,14,19,16.47157
48,15,16,8.83915
48,15,20,6.91831
48,16,17,19.20702
48,16,21,22.07751
48,17,18,16.11466
48,17,22,12.55258
48,18,19,18.34843
48,18,23,5.70242
48,19,24,12.80481
48,20,21,6.81042
48,21,22,12.53291
48,22,23,19.09903
48,23,24,8.17792
49,0,1,9.43729
49,0,5,6.8594
49,1,2,7.04134
49,1,6,9.89178
49,2,3,7.43878
49,2,7,8.67801
49,3,4,8.14291
49,3,8,13.55812
49,4,9,16.84985
49,5,6,14.37423
49,5,10,6.49872
49,6,7,12.37757
49,6,11,6.45753
49,7,8,16.92048
49,7,12,8.89449
49,8,9,27.31959
49,8,13,6.01193
49,9,14,23.61807
49,10,11,12.79668
49,10,15,15.57389
49,11,12,17.18425
49,11,16,6.77845
49,12,13,9.53699
49,12,17,14.8814
49,13,14,19.52645
49,13,18,12.90157
49,14,19,10.42752
49,15,16,13.33861
49,15,20,16.07011
49,16,17,10.83006
49,16,21,14.94961
49,17,18,10.03874
49,17,22,12.45999
49,18,19,11.96305
49,18,23,10.55946
49,19,24,19.24336
49,20,21,8.81981
49,21,22,20.82002
49,22,23,9.04558
49,23,24,8.56275
50,0,1,12.8842
50,0,5,17.31447
50,1,2,9.13925
50,1,6,7.52596
50,2,3,7.28922
50,2,7,13.17082
50,3,4,10.97738
50,3,8,12.31857
50,4,9,10.80087
50,5,6,10.71618
50,5,10,13.63912
50,6,7,13.23615
50,6,11,9.35778
50,7,8,5.63138
50,7,12,7.10314
50,8,9,5.89291
50,8,13,8.10095
50,9,14,6.90657
50,10,11,6.26501
50,10,15,21.89169
50,11,12,4.64741
50,11,16,9.96532
50,12,13,5.69921
50,12,17,8.75466
50,13,14,5.70358
50,13,18,8.73982
50,14,19,12.93533
50,15,16,15.842
50,15,20,9.43222
50,16,17,14.40676
50,16,21,11.79074
50,17,18,7.17884
50,17,22,7.27213
50,18,19,10.3148
50,18,23,5.43681
50,19,24,13.70728
50,20,21,9.76963
50,21,22,5.71676
50,22,23,13.02473
50,23,24,17.35617
51,0,1,9.01036
51,0,5,6.4392
51,1,2,7.47123
51,1,6,9.70688
51,2,3,10.05113
51,2,7,8.66973
51,3,4,4.6477
51,3,8,11.65869
51,4,9,8.35591
51,5,6,9.81985
51,5,10,11.92181
51,6,7,4.62944
51,6,11,9.54177
51,7,8,5.89576
51,7,12,8.75438
51,8,9,9.08462
51,8,13,11.52874
51,9,14,4.45583
51,10,11,6.6918
51,10,15,8.12039
51,11,12,7.54618
51,11,16,9.85586
51,12,13,4.5906
51,12,17,4.90704
51,13,14,5.90812
51,13,18,11.23441
51,14,19,4.18181
51,15,16,4.1334
51,15,20,5.97296
51,16,17,7.49957
51,16,21,10.30092
51,17,18,3.24367
51,17,22,4.34334
51,18,19,4.84697
51,18,23,10.69558
51,19,24,9.74507
51,20,21,11.57355
51,21,22,4.01974
51,22,23,9.35747
51,23,24,8.27717
52,0,1,9.27753
52,0,5,6.14705
52,1,2,9.86006
52,1,6,7.70864
52,2,3,8.04383
52,2,7,13.24084
52,3,4,4.78352
52,3,8,7.24075
52,4,9,14.49571
52,5,6,17.33849
52,5,10,7.65596
52,6,7,14.37744
52,6,11,17.88952
52,7,8,6.46314
52,7,12,7.29271
52,8,9,20.85595
52,8,13,16.29272
52,9,14,16.9555
52,10,11,10.01889
52,10,15,7.57754
52,11,12,12.52772
52,11,16,14.90239
52,12,13,7.04343
52,12,17,7.5719
52,13,14,14.94033
52,13,18,12.1179
52,14,19,6.79402
52,15,16,5.10443
52,15,20,14.09037
52,16,17,5.44192
52,16,21,9.69555
52,17,18,8.26724
52,17,22,5.1618
52,18,19,8.33039
52,18,23,13.64121
52,19,24,7.66348
52,20,21,13.20954
52,21,22,9.15246
52,22,23,5.32495
52,23,24,4.28944
53,0,1,11.12354
53,0,5,22.03152
53,1,2,4.57777
53,1,6,21.73448
53,2,3,6.77449
53,2,7,6.99961
53,3,4,7.16708
53,3,8,4.39306
53,4,9,2.59571
53,5,6,3.27756
53,5,10,9.09392
53,6,7,2.96813
53,6,11,1.38033
53,7,8,7.2412
53,7,12,5.6094
53,8,9,1.65317
53,8,13,2.49569
53,9,14,1.00231
53,10,11,3.12382
53,10,15,8.41495
53,11,12,8.72677
53,11,16,2.24432
53,12,13,1.29111
53,12,17,2.33144
53,13,14,1.6114
53,13,18,1.70146
53,14,19,20.94061
53,15,16,3.35067
53,15,20,7.14107
53,16,17,4.8051
53,16,21,9.49145
53,17,18,4.31024
53,17,22,23.44526
53,18,19,8.11959
53,18,23,2.06861
53,19,24,5.30303
53,20,21,3.57543
53,21,22,3.01691
53,22,23,23.69183
53,23,24,3.69954
54,0,1,14.44099
54,0,5,19.54936
54,1,2,12.01123
54,1,6,26.09626
54,2,3,14.86837
54,2,7,4.63148
54,3,4,10.05711
54,3,8,9.90178
54,4,9,21.70452
54,5,6,3.82008
54,5,10,22.40547
54,6,7,15.62149
54,6,11,7.38819
54,7,8,23.30113
54,7,12,14.73345
54,8,9,19.62843
54,8,13,16.59063
54,9,14,19.57363
54,10,11,6.60684
54,10,15,20.10499
54,11,12,14.74415
54,11,16,8.3021
54,12,13,13.99165
54,12,17,13.89084
54,13,14,12.37038
54,13,18,6.73353
54,14,19,10.11675
54,15,16,17.81841
54,15,20,12.05132
54,16,17,13.28593
54,16,21,20.64119
54,17,18,35.82754
54,17,22,20.32804
54,18,19,7.3806
54,18,23,17.40748
54,19,24,17.47639
54,20,21,7.91715
54,21,22,14.90007
54,22,23,14.86633
54,23,24,22.29873
55,0,1,5.86404
55,0,5,4.08936
55,1,2,22.17461
55,1,6,3.68106
55,2,3,19.69233
55,2,7,20.86127
55,3,4,11.35339
55,3,8,17.67775
55,4,9,24.06394
55,5,6,23.47244
55,5,10,19.07962
55,6,7,11.4238
55,6,11,16.60527
55,7,8,6.91234
55,7,12,7.5732
55,8,9,24.45475
55,8,13,16.18276
55,9,14,17.17407
55,10,11,17.85751
55,10,15,11.12664
55,11,12,15.64664
55,11,16,23.00432
55,12,13,9.42894
55,12,17,10.37464
55,13,14,11.07863
55,13,18,28.3433
55,14,19,3.71519
55,15,16,6.45179
55,15,20,11.41558
55,16,17,14.80002
55,16,21,23.50772
55,17,18,15.18709
55,17,22,7.57799
55,18,19,18.08218
55,18,23,9.95883
55,19,24,19.72958
55,20,21,10.19448
55,21,22,9.88666
55,22,23,5.57812
55,23,24,10.79315
56,0,1,7.8095
56,0,5,5.22999
56,1,2,17.281
56,1,6,2.43861
56,2,3,12.92526
56,2,7,8.71588
56,3,4,6.74558
56,3,8,5.40039
56,4,9,19.29493
56,5,6,7.76052
56,5,10,5.7323
56,6,7,6.49582
56,6,11,11.27916
56,7,8,4.10657
56,7,12,4.94289
56,8,9,8.85451
56,8,13,9.30029
56,9,14,7.8068
56,10,11,12.46785
56,10,15,12.17366
56,11,12,8.46142
56,11,16,14.32421
56,12,13,5.15265
56,12,17,6.28806
56,13,14,17.47543
56,13,18,6.15994
56,14,19,3.09239
56,15,16,5.06811
56,15,20,8.0008
56,16,17,9.17123
56,16,21,7.02583
56,17,18,9.13603
56,17,22,3.02145
56,18,19,9.38655
56,18,23,7.40073
56,19,24,2.89267
56,20,21,9.33919
56,21,22,6.94408
56,22,23,4.93331
56,23,24,4.16945
57,0,1,4.72477
57,0,5,9.63824
57,1,2,11.70261
57,1,6,5.8466
57,2,3,20.31365
57,2,7,15.01129
57,3,4,18.75056
57,3,8,10.45797
57,4,9,7.9309
57,5,6,10.10318
57,5,10,18.71709
57,6,7,7.92204
57,6,11,19.87058
57,7,8,7.43524
57,7,12,8.08499
57,8,9,7.06108
57,8,13,12.37911
57,9,14,8.36364
57,10,11,18.1314
57,10,15,5.39528
57,11,12,5.71778
57,11,16,10.77425
57,12,13,8.72703
57,12,17,11.25309
57,13,14,17.96521
57,13,18,12.43154
57,14,19,8.31564
57,15,16,5.26534
57,15,20,7.69007
57,16,17,12.78102
57,16,21,22.2197
57,17,18,8.11653
57,17,22,8.1168
57,18,19,14.47436
57,18,23,10.92014
57,19,24,11.97663
57,20,21,5.68414
57,21,22,12.31222
57,22,23,12.7579
57,23,24,5.53592
58,0,1,6.25541
58,0,5,6.2066
58,1,2,6.44773
58,1,6,4.72217
58,2,3,11.59591
58,2,7,15.80802
58,3,4,12.92227
58,3,8,5.52531
58,4,9,4.30506
58,5,6,15.86092
58,5,10,14.63897
58,6,7,5.57393
58,6,11,15.47502
58,7,8,2.34067
58,7,12,4.92767
58,8,9,7.25457
58,8,13,3.9608
58,9,14,3.67558
58,10,11,14.81752
58,10,15,4.19165
58,11,12,5.98011
58,11,16,17.11968
58,12,13,5.35906
58,12,17,3.44752
58,13,14,7.79308
58,13,18,12.71718
58,14,19,8.40538
58,15,16,4.94758
58,15,20,7.29576
58,16,17,7.00324
58,16,21,8.32241
58,17,18,6.33234
58,17,22,5.36294
58,18,19,12.46863
58,18,23,6.51087
58,19,24,5.84216
58,20,21,4.79329
58,21,22,4.02413
58,22,23,8.48006
58,23,24,4.68151
59,0,1,15.1625
59,0,5,20.72248
59,1,2,4.39006
59,1,6,19.21335
59,2,3,7.49143
59,2,7,13.49571
59,3,4,12.58061
59,3,8,11.61457
59,4,9,3.63434
59,5,6,3.76008
59,5,10,8.88725
59,6,7,11.69635
59,6,11,10.36081
59,7,8,6.53102
59,7,12,12.39322
59,8,9,6.00451
59,8,13,5.08485
59,9,14,6.3114
59,10,11,10.10883
59,10,15,5.09118
59,11,12,10.25417
59,11,16,5.66094
59,12,13,8.54228
59,12,17,7.03865
59,13,14,4.57665
59,13,18,4.99701
59,14,19,19.4559
59,15,16,11.41795
59,15,20,12.29933
59,16,17,7.4951
59,16,21,10.13422
59,17,18,12.36038
59,17,22,12.81386
59,18,19,8.90062
59,18,23,5.13762
59,19,24,6.96784
59,20,21,11.24117
59,21,22,9.70125
59,22,23,19.34971
59,23,24,15.3586
60,0,1,5.99759
60,0,5,8.50798
60,1,2,13.24447
60,1,6,6.66456
60,2,3,11.63912
60,2,7,9.85938
60,3,4,13.79919
60,3,8,13.77522
60,4,9,10.28853
60,5,6,21.15994
60,5,10,5.94226
60,6,7,10.0308
60,6,11,22.16233
60,7,8,7.33966
60,7,12,7.40013
60,8,9,8.4345
60,8,13,17.82693
60,9,14,11.98003
60,10,11,22.39478
60,10,15,7.46845
60,11,12,16.74973
60,11,16,9.41514
60,12,13,15.57724
60,12,17,16.78046
60,13,14,6.29507
60,13,18,11.72701
60,14,19,10.90326
60,15,16,10.13279
60,15,20,7.50294
60,16,17,11.54603
60,16,21,12.48563
60,17,18,7.48775
60,17,22,6.74827
60,18,19,13.73171
60,18,23,14.66964
60,19,24,19.22337
60,20,21,13.58882
60,21,22,12.59488
60,22,23,7.17191
60,23,24,7.19026
61,0,1,11.4693
61,0,5,6.81988
61,1,2,6.19473
61,1,6,7.00128
61,2,3,5.0283
61,2,7,14.43552
61,3,4,13.71118
61,3,8,8.88469
61,4,9,5.97067
61,5,6,10.8107
61,5,10,10.28063
61,6,7,14.91902
61,6,11,9.96188
61,7,8,10.86924
61,7,12,12.87796
61,8,9,9.73232
61,8,13,8.61388
61,9,14,9.26589
61,10,11,6.12123
61,10,15,14.97689
61,11,12,2.63355
61,11,16,4.90904
61,12,13,12.39165
61,12,17,10.00579
61,13,14,10.7911
61,13,18,8.99883
61,14,19,12.70342
61,15,16,16.70497
61,15,20,6.13265
61,16,17,17.35272
61,16,21,4.44402
61,17,18,7.99245
61,17,22,5.56455
61,18,19,9.1313
61,18,23,12.71855
61,19,24,5.70346
61,20,21,5.22744
61,21,22,6.94635
61,22,23,7.07121
61,23,24,18.82849
62,0,1,7.26049
62,0,5,6.34266
62,1,2,8.45313
62,1,6,12.31743
62,2,3,8.028
62,2,7,6.30717
62,3,4,5.25785
62,3,8,11.51523
62,4,9,6.11202
62,5,6,8.98564
62,5,10,5.17941
62,6,7,11.47413
62,6,11,6.63232
62,7,8,5.97113
62,7,12,11.09932
62,8,9,7.02043
62,8,13,6.73982
62,9,14,11.26651
62,10,11,8.9615
62,10,15,7.61028
62,11,12,4.84127
62,11,16,12.79363
62,12,13,11.13897
62,12,17,8.43685
62,13,14,6.21844
62,13,18,10.95327
62,14,19,9.10199
62,15,16,8.8094
62,15,20,10.40195
62,16,17,5.73872
62,16,21,7.02779
62,17,18,4.79996
62,17,22,7.35103
62,18,19,7.49625
62,18,23,10.2167
62,19,24,11.9759
62,20,21,5.34044
62,21,22,4.95461
62,22,23,15.43428
62,23,24,14.74383
63,0,1,16.5966
63,0,5,18.46199
63,1,2,3.39787
63,1,6,17.38363
63,2,3,11.61371
63,2,7,5.92864
63,3,4,11.90797
63,3,8,8.65304
63,4,9,6.1652
63,5,6,11.9642
63,5,10,14.78195
63,6,7,6.38948
63,6,11,10.95281
63,7,8,5.19153
63,7,12,11.24617
63,8,9,10.06237
63,8,13,6.9244
63,9,14,11.04233
63,10,11,5.08095
63,10,15,8.32017
63,11,12,13.04455
63,11,16,8.74246
63,12,13,9.09862
63,12,17,11.66514
63,13,14,3.75865
63,13,18,9.60151
63,14,19,23.41848
63,15,16,10.83152
63,15,20,16.89267
63,16,17,13.8509
63,16,21,15.65454
63,17,18,12.65777
63,17,22,10.41128
63,18,19,8.08904
63,18,23,14.15015
63,19,24,17.83929
63,20,21,14.44538
63,21,22,13.58922
63,22,23,22.01968
63,23,24,10.98417
64,0,1,6.71324
64,0,5,7.73789
64,1,2,6.09289
64,1,6,12.82785
64,2,3,5.16926
64,2,7,4.95797
64,3,4,12.13159
64,3,8,9.94585
64,4,9,17.68655
64,5,6,10.23828
64,5,10,13.18116
64,6,7,11.58855
64,6,11,9.28203
64,7,8,10.13036
64,7,12,13.42065
64,8,9,13.40755
64,8,13,9.37541
64,9,14,11.30717
64,10,11,8.38926
64,10,15,8.78053
64,11,12,12.13825
64,11,16,12.64263
64,12,13,11.25703
64,12,17,12.90583
64,13,14,9.4058
64,13,18,7.27943
64,14,19,8.01734
64,15,16,14.28944
64,15,20,8.50273
64,16,17,9.03201
64,16,21,11.45214
64,17,18,11.01322
64,17,22,14.42816
64,18,19,10.18696
64,18,23,14.60134
64,19,24,9.46179
64,20,21,13.80284
64,21,22,8.42684
64,22,23,13.50064
64,23,24,12.47784
65,0,1,23.49709
65,0,5,31.92402
65,1,2,4.54496
65,1,6,24.23014
65,2,3,5.03619
65,2,7,15.63005
65,3,4,21.98114
65,3,8,24.51828
65,4,9,5.46547
65,5,6,16.54918
65,5,10,9.37561
65,6,7,26.81822
65,6,11,8.06412
65,7,8,22.97524
65,7,12,30.59865
65,8,9,12.20494
65,8,13,8.07086
65,9,14,29.3354
65,10,11,17.36021
65,10,15,29.80035
65,11,12,15.32068
65,11,16,11.54976
65,12,13,24.20623
65,12,17,22.50273
65,13,14,12.00169
65,13,18,11.13351
65,14,19,36.20776
65,15,16,22.17833
65,15,20,22.29102
65,16,17,33.5921
65,16,21,20.48417
65,17,18,19.87708
65,17,22,23.64862
65,18,19,21.4266
65,18,23,30.41611
65,19,24,46.81315
65,20,21,13.72661
65,21,22,13.24194
65,22,23,30.13288
65,23,24,22.29985
66,0,1,10.7077
66,0,5,9.67373
66,1,2,3.79146
66,1,6,10.35874
66,2,3,7.50426
66,2,7,12.90248
66,3,4,6.14406
66,3,8,7.2868
66,4,9,4.23202
66,5,6,7.29509
66,5,10,8.64439
66,6,7,5.73628
66,6,11,7.06141
66,7,8,12.0296
66,7,12,9.79972
66,8,9,6.04983
66,8,13,12.34976
66,9,14,4.10347
66,10,11,7.23664
66,10,15,13.00546
66,11,12,5.13227
66,11,16,6.16567
66,12,13,7.99395
66,12,17,4.68099
66,13,14,10.13438
66,13,18,7.82178
66,14,19,14.18597
66,15,16,8.10888
66,15,20,11.15264
66,16,17,12.24077
66,16,21,5.69201
66,17,18,9.46077
66,17,22,7.80563
66,18,19,4.61469
66,18,23,5.46931
66,19,24,8.57048
66,20,21,4.43464
66,21,22,9.25234
66,22,23,14.17481
66,23,24,14.19922
67,0,1,12.19309
67,0,5,4.05331
67,1,2,11.3503
67,1,6,5.42777
67,2,3,9.7048
67,2,7,6.81588
67,3,4,9.79826
67,3,8,13.5562
67,4,9,6.92627
67,5,6,8.44031
67,5,10,11.80247
67,6,7,4.90948
67,6,11,18.07201
67,7,8,9.40102
67,7,12,5.76325
67,8,9,5.70256
67,8,13,10.26176
67,9,14,7.64265
67,10,11,8.61304
67,10,15,8.73635
67,11,12,13.56432
67,11,16,6.94241
67,12,13,13.85184
67,12,17,5.88423
67,13,14,12.6705
67,13,18,10.03109
67,14,19,7.81333
67,15,16,9.23097
67,15,20,5.97204
67,16,17,9.06483
67,16,21,6.46887
67,17,18,5.8455
67,17,22,4.66575
67,18,19,9.01458
67,18,23,9.89416
67,19,24,8.87912
67,20,21,7.90387
67,21,22,10.65949
67,22,23,4.33762
67,23,24,6.89344
68,0,1,9.4539
68,0,5,8.21248
68,1,2,8.61974
68,1,6,11.08911
68,2,3,3.2975
68,2,7,15.33214
68,3,4,10.10008
68,3,8,9.44047
68,4,9,5.21821
68,5,6,8.1014
68,5,10,5.5138
68,6,7,20.2249
68,6,11,9.0246
68,7,8,6.44905
68,7,12,18.37161
68,8,9,3.48293
68,8,13,12.90801
68,9,14,5.89975
68,10,11,4.79475
68,10,15,19.63257
68,11,12,1.92306
68,11,16,4.80122
68,12,13,19.25177
68,12,17,13.72529
68,13,14,5.2107
68,13,18,6.78979
68,14,19,6.60798
68,15,16,10.73458
68,15,20,9.58599
68,16,17,16.99617
68,16,21,4.27202
68,17,18,8.94731
68,17,22,15.39212
68,18,19,8.24562
68,18,23,20.13336
68,19,24,4.43124
68,20,21,4.98091
68,21,22,4.15488
68,22,23,6.66225
68,23,24,8.70982
69,0,1,9.68465
69,0,5,13.42819
69,1,2,11.97172
69,1,6,9.09243
69,2,3,3.88569
69,2,7,6.39092
69,3,4,14.12758
69,3,8,7.50777
69,4,9,11.3016
69,5,6,7.93003
69,5,10,8.08876
69,6,7,9.92828
69,6,11,6.46278
69,7,8,6.18771
69,7,12,9.46313
69,8,9,4.71299
69,8,13,10.64677
69,9,14,10.01877
69,10,11,6.11045
69,10,15,10.33319
69,11,12,5.73454
69,11,16,5.64425
69,12,13,6.65148
69,12,17,8.28234
69,13,14,11.83655
69,13,18,5.40667
69,14,19,6.4415
69,15,16,9.7404
69,15,20,6.80155
69,16,17,16.48086
69,16,21,7.71688
69,17,18,11.27565
69,17,22,7.11698
69,18,19,10.8523
69,18,23,6.80098
69,19,24,6.81963
69,20,21,5.68875
69,21,22,8.64284
69,22,23,10.35181
69,23,24,17.04281
70,0,1,6.12357
70,0,5,11.05877
70,1,2,16.7814
70,1,6,5.91359
70,2,3,7.19799
70,2,7,13.13941
70,3,4,10.60827
70,3,8,3.3087
70,4,9,7.72741
70,5,6,7.97263
70,5,10,10.16926
70,6,7,3.21958
70,6,11,8.87209
70,7,8,7.08895
70,7,12,7.88272
70,8,9,6.57659
70,8,13,4.9479
70,9,14,8.07903
70,10,11,10.6747
70,10,15,17.08145
70,11,12,7.0227
70,11,16,9.06471
70,12,13,5.36994
70,12,17,8.95927
70,13,14,13.37783
70,13,18,13.70848
70,14,19,7.85539
70,15,16,5.2775
70,15,20,6.33325
70,16,17,8.85673
70,16,21,6.79431
70,17,18,8.76247
70,17,22,8.58356
70,18,19,6.28412
70,18,23,3.30661
70,19,24,10.40806
70,20,21,6.06981
70,21,22,9.76049
70,22,23,6.84271
70,23,24,8.24817
71,0,1,6.49143
71,0,5,15.67422
71,1,2,4.42742
71,1,6,6.52073
71,2,3,12.0161
71,2,7,12.12947
71,3,4,10.33227
71,3,8,10.00469
71,4,9,4.22858
71,5,6,9.49172
71,5,10,14.08284
71,6,7,4.9244
71,6,11,10.84762
71,7,8,6.66502
71,7,12,14.92653
71,8,9,10.86876
71,8,13,7.10452
71,9,14,10.92407
71,10,11,15.73397
71,10,15,4.21062
71,11,12,13.18907
71,11,16,5.7996
71,12,13,7.08876
71,12,17,9.13846
71,13,14,5.95125
71,13,18,15.89612
71,14,19,11.87785
71,15,16,4.96998
71,15,20,5.56931
71,16,17,16.39179
71,16,21,14.68285
71,17,18,7.39087
71,17,22,7.54171
71,18,19,14.98872
71,18,23,7.37434
71,19,24,6.86248
71,20,21,9.06973
71,21,22,7.2455
71,22,23,13.39351
71,23,24,12.12056
72,0,1,15.2688
72,0,5,14.11024
72,1,2,7.16309
72,1,6,12.19516
72,2,3,7.95431
72,2,7,10.91141
72,3,4,13.65641
72,3,8,19.357
72,4,9,15.17641
72,5,6,12.02592
72,5,10,8.98486
72,6,7,14.99589
72,6,11,7.8733
72,7,8,20.76311
72,7,12,7.4577
72,8,9,30.241
72,8,13,18.07631
72,9,14,25.61028
72,10,11,16.35479
72,10,15,17.70741
72,11,12,7.22282
72,11,16,10.60719
72,12,13,22.32429
72,12,17,31.11164
72,13,14,15.76352
72,13,18,16.04811
72,14,19,12.44581
72,15,16,21.7111
72,15,20,14.2564
72,16,17,15.43719
72,16,21,5.6146
72,17,18,19.89647
72,17,22,10.65583
72,18,19,6.39479
72,18,23,14.42833
72,19,24,15.20874
72,20,21,15.31448
72,21,22,21.5423
72,22,23,6.77865
72,23,24,19.19744
73,0,1,6.0162
73,0,5,3.2063
73,1,2,14.06886
73,1,6,4.22078
73,2,3,12.02254
73,2,7,13.73866
73,3,4,12.13512
73,3,8,9.99944
73,4,9,6.49547
73,5,6,12.47125
73,5,10,7.76666
73,6,7,5.10967
73,6,11,17.78594
73,7,8,3.306
73,7,12,6.18883
73,8,9,8.17163
73,8,13,14.80752
73,9,14,8.02669
73,10,11,10.66287
73,10,15,4.9099
73,11,12,7.77931
73,11,16,16.65414
73,12,13,6.93591
73,12,17,6.00666
73,13,14,7.7402
73,13,18,9.56063
73,14,19,3.78253
73,15,16,2.86818
73,15,20,5.14729
73,16,17,7.76872
73,16,21,7.25421
73,17,18,4.72284
73,17,22,3.76008
73,18,19,9.91279
73,18,23,3.96922
73,19,24,4.2142
73,20,21,6.05596
73,21,22,7.1978
73,22,23,2.87111
73,23,24,4.71992
74,0,1,7.57748
74,0,5,7.91031
74,1,2,6.20638
74,1,6,9.62137
74,2,3,13.72657
74,2,7,9.33207
74,3,4,17.76692
74,3,8,20.26428
74,4,9,11.76446
74,5,6,26.23778
74,5,10,7.33072
74,6,7,12.53357
74,6,11,26.11844
74,7,8,7.40019
74,7,12,16.69368
74,8,9,16.99882
74,8,13,7.52817
74,9,14,18.68485
74,10,11,14.57729
74,10,15,3.30709
74,11,12,11.30267
74,11,16,14.70918
74,12,13,9.46687
74,12,17,18.38389
74,13,14,12.38923
74,13,18,21.79711
74,14,19,5.71423
74,15,16,16.07052
74,15,20,14.79064
74,16,17,8.1674
74,16,21,11.7913
74,17,18,6.28189
74,17,22,10.85891
74,18,19,23.06218
74,18,23,19.41903
74,19,24,10.6006
74,20,21,13.44274
74,21,22,9.28584
74,22,23,6.38592
74,23,24,16.33366
75,0,1,12.78753
75,0,5,15.49758
75,1,2,4.75168
75,1,6,14.65282
75,2,3,4.49592
75,2,7,8.47757
75,3,4,4.39382
75,3,8,21.62197
75,4,9,5.49497
75,5,6,5.10656
75,5,10,3.18848
75,6,7,8.7307
75,6,11,5.95654
75,7,8,16.32839
75,7,12,13.45453
75,8,9,4.37632
75,8,13,7.82492
75,9,14,6.74055
75,10,11,7.43139
75,10,15,4.83322
75,11,12,14.04437
75,11,16,6.27676
75,12,13,6.42993
75,12,17,17.64558
75,13,14,2.37065
75,13,18,5.8498
75,14,19,10.53126
75,15,16,9.48936
75,15,20,23.08451
75,16,17,4.0694
75,16,21,4.53556
75,17,18,5.7434
75,17,22,10.33917
75,18,19,2.5215
75,18,23,6.35524
75,19,24,3.34515
75,20,21,13.37782
75,21,22,9.90221
75,22,23,11.11157
75,23,24,8.38819
76,0,1,12.54401
76,0,5,12.70923
76,1,2,6.21234
76,1,6,12.71761
76,2,3,7.70915
76,2,7,9.87738
76,3,4,13.43262
76,3,8,11.44387
76,4,9,11.687
76,5,6,8.02147
76,5,10,16.19328
76,6,7,14.10025
76,6,11,9.23499
76,7,8,8.91928
76,7,12,24.03469
76,8,9,12.54893
76,8,13,16.06952
76,9,14,11.83632
76,10,11,10.09722
76,10,15,19.29092
76,11,12,5.04438
76,11,16,8.06775
76,12,13,7.2342
76,12,17,10.12929
76,13,14,9.7323
76,13,18,12.17579
76,14,19,21.60789
76,15,16,23.42057
76,15,20,5.23414
76,16,17,21.90366
76,16,21,20.29439
76,17,18,23.09326
76,17,22,16.63739
76,18,19,24.77056
76,18,23,13.64355
76,19,24,14.45779
76,20,21,4.66485
76,21,22,5.32819
76,22,23,21.82171
76,23,24,29.40903
77,0,1,8.94226
77,0,5,7.12071
77,1,2,18.73581
77,1,6,12.61807
77,2,3,7.05969
77,2,7,10.6661
77,3,4,16.23761
77,3,8,4.95237
77,4,9,12.87709
77,5,6,5.50871
77,5,10,14.76203
77,6,7,7.20522
77,6,11,6.04672
77,7,8,10.86051
77,7,12,10.61477
77,8,9,11.83257
77,8,13,17.29947
77,9,14,10.67056
77,10,11,7.58341
77,10,15,15.72673
77,11,12,6.99265
77,11,16,10.8561
77,12,13,7.54782
77,12,17,8.78525
77,13,14,9.29588
77,13,18,8.33777
77,14,19,15.23866
77,15,16,13.79255
77,15,20,9.48289
77,16,17,7.91106
77,16,21,17.55597
77,17,18,13.69289
77,17,22,12.35153
77,18,19,18.0887
77,18,23,12.71763
77,19,24,11.56446
77,20,21,4.58239
77,21,22,6.73436
77,22,23,9.51777
77,23,24,14.8566
78,0,1,14.6606
78,0,5,5.51958
78,1,2,3.82178
78,1,6,10.37175
78,2,3,6.54931
78,2,7,17.3604
78,3,4,6.89771
78,3,8,18.91669
78,4,9,7.94577
78,5,6,5.42916
78,5,10,2.19528
78,6,7,16.94092
78,6,11,11.09407
78,7,8,10.85429
78,7,12,15.06793
78,8,9,7.17119
78,8,13,11.82096
78,9,14,12.40345
78,10,11,4.96129
78,10,15,6.65678
78,11,12,5.39215
78,11,16,9.68249
78,12,13,15.02635
78,12,17,22.13663
78,13,14,8.32929
78,13,18,10.06962
78,14,19,11.37145
78,15,16,16.36761
78,15,20,8.63844
78,16,17,15.72801
78,16,21,2.37864
78,17,18,3.27189
78,17,22,11.38838
78,18,19,5.09655
78,18,23,11.51576
78,19,24,4.00218
78,20,21,2.89078
78,21,22,7.63013
78,22,23,10.3514
78,23,24,18.89622
79,0,1,6.07976
79,0,5,10.24606
79,1,2,10.26022
79,1,6,7.64089
79,2,3,5.95889
79,2,7,8.25035
79,3,4,16.9994
79,3,8,8.3322
79,4,9,5.73312
79,5,6,11.12197
79,5,10,7.10677
79,6,7,3.8716
79,6,11,10.03393
79,7,8,9.79077
79,7,12,7.38913
79,8,9,8.07265
79,8,13,17.40456
79,9,14,7.21498
79,10,11,14.51224
79,10,15,7.55614
79,11,12,6.55853
79,11,16,8.13672
79,12,13,8.93445
79,12,17,9.05351
79,13,14,12.85253
79,13,18,7.86695
79,14,19,9.84332
79,15,16,6.48925
79,15,20,8.9844
79,16,17,10.05112
79,16,21,14.96707
79,17,18,8.9888
79,17,22,3.83417
79,18,19,7.54817
79,18,23,7.82128
79,19,24,6.5293
79,20,21,7.16113
79,21,22,8.14743
79,22,23,4.70131
79,23,24,7.31814
80,0,1,17.41525
80,0,5,17.98842
80,1,2,8.36187
80,1,6,22.36682
80,2,3,8.39507
80,2,7,5.38311
80,3,4,11.98664
80,3,8,6.44558
80,4,9,15.79892
80,5,6,6.89548
80,5,10,19.34565
80,6,7,11.07718
80,6,11,5.99581
80,7,8,15.4102
80,7,12,9.71025
80,8,9,9.9233
80,8,13,4.77335
80,9,14,7.1026
80,10,11,16.31746
80,10,15,7.71873
80,11,12,21.57524
80,11,16,6.99681
80,12,13,12.54384
80,12,17,13.50361
80,13,14,18.04528
80,13,18,14.97141
80,14,19,18.26387
80,15,16,7.05909
80,15,20,15.69315
80,16,17,12.16686
80,16,21,10.00449
80,17,18,23.34271
80,17,22,14.91858
80,18,19,7.21794
80,18,23,7.25086
80,19,24,19.67943
80,20,21,9.54082
80,21,22,25.17293
80,22,23,17.36335
80,23,24,6.73718
81,0,1,10.59417
81,0,5,9.96887
81,1,2,6.37044
81,1,6,11.1279
81,2,3,10.67016
81,2,7,7.71614
81,3,4,7.42561
81,3,8,13.17396
81,4,9,7.23238
81,5,6,7.37828
81,5,10,7.71915
81,6,7,5.76376
81,6,11,8.03044
81,7,8,8.89884
81,7,12,9.28092
81,8,9,14.50476
81,8,13,14.20168
81,9,14,15.79804
81,10,11,17.74754
81,10,15,5.78432
81,11,12,9.67952
81,11,16,8.64448
81,12,13,7.54021
81,12,17,5.4121
81,13,14,11.01269
81,13,18,8.71827
81,14,19,7.7308
81,15,16,6.55503
81,15,20,12.02695
81,16,17,8.21786
81,16,21,11.64343
81,17,18,11.09538
81,17,22,9.78371
81,18,19,7.93253
81,18,23,5.79321
81,19,24,6.16342
81,20,21,11.97196
81,21,22,13.87108
81,22,23,8.46167
81,23,24,7.41368
82,0,1,7.90466
82,0,5,25.09112
82,1,2,7.05447
82,1,6,14.75515
82,2,3,7.46251
82,2,7,10.54554
82,3,4,20.40499
82,3,8,31.18693
82,4,9,10.48026
82,5,6,16.83172
82,5,10,14.02145
82,6,7,16.27151
82,6,11,16.56179
82,7,8,11.34336
82,7,12,14.21082
82,8,9,16.05928
82,8,13,12.27557
82,9,14,18.78282
82,10,11,10.3315
82,10,15,6.45971
82,11,12,23.32492
82,11,16,8.80264
82,12,13,16.34853
82,12,17,21.73027
82,13,14,12.86153
82,13,18,12.54724
82,14,19,15.88756
82,15,16,33.32013
82,15,20,7.77664
82,16,17,25.74361
82,16,21,15.79953
82,17,18,17.96467
82,17,22,21.73733
82,18,19,23.37791
82,18,23,22.8149
82,19,24,26.7676
82,20,21,14.89651
82,21,22,19.58539
82,22,23,10.06009
82,23,24,11.81407
83,0,1,10.2875
83,0,5,5.39836
83,1,2,7.53928
83,1,6,13.92857
83,2,3,12.06677
83,2,7,12.91794
83,3,4,6.88172
83,3,8,10.10225
83,4,9,8.5435
83,5,6,7.42304
83,5,10,8.62844
83,6,7,6.03476
83,6,11,17.52622
83,7,8,7.75412
83,7,12,13.51634
83,8,9,13.72053
83,8,13,11.56297
83,9,14,5.94197
83,10,11,7.34637
83,10,15,11.81018
83,11,12,12.37807
83,11,16,15.13637
83,12,13,11.71201
83,12,17,7.02146
83,13,14,14.57584
83,13,18,15.76281
83,14,19,7.04382
83,15,16,13.08399
83,15,20,8.93035
83,16,17,9.65652
83,16,21,17.17552
83,17,18,8.32163
83,17,22,9.41391
83,18,19,11.78705
83,18,23,4.75022
83,19,24,7.44726
83,20,21,14.62805
83,21,22,16.11051
83,22,23,13.05273
83,23,24,6.21928
84,0,1,7.0788
84,0,5,6.77106
84,1,2,21.05
84,1,6,7.42278
84,2,3,16.42346
84,2,7,10.46178
84,3,4,3.58683
84,3,8,4.75128
84,4,9,10.14342
84,5,6,7.28077
84,5,10,11.72495
84,6,7,4.36828
84,6,11,14.28005
84,7,8,11.56644
84,7,12,5.07086
84,8,9,10.24854
84,8,13,7.13766
84,9,14,9.94297
84,10,11,9.71831
84,10,15,5.449
84,11,12,10.03251
84,11,16,13.45654
84,12,13,7.97622
84,12,17,4.02226
84,13,14,8.14933
84,13,18,12.97455
84,14,19,3.84793
84,15,16,4.13703
84,15,20,9.26603
84,16,17,10.69218
84,16,21,10.31211
84,17,18,14.83179
84,17,22,8.76792
84,18,19,10.87798
84,18,23,3.25179
84,19,24,6.24835
84,20,21,8.19405
84,21,22,12.83312
84,22,23,8.22199
84,23,24,3.24773
85,0,1,15.19767
85,0,5,6.54606
85,1,2,6.18676
85,1,6,5.80745
85,2,3,3.9077
85,2,7,7.46103
85,3,4,5.92526
85,3,8,7.36383
85,4,9,7.78924
85,5,6,7.90107
85,5,10,6.38456
85,6,7,4.63546
85,6,11,4.77435
85,7,8,6.2263
85,7,12,3.14955
85,8,9,6.51301
85,8,13,6.5145
85,9,14,5.10189
85,10,11,8.06122
85,10,15,6.25757
85,11,12,10.38043
85,11,16,6.41962
85,12,13,10.27093
85,12,17,3.57081
85,13,14,4.85334
85,13,18,6.88749
85,14,19,4.0825
85,15,16,4.41472
85,15,20,10.46235
85,16,17,8.42063
85,16,21,6.46835
85,17,18,2.24809
85,17,22,5.06834
85,18,19,4.65236
85,18,23,4.96783
85,19,24,3.65412
85,20,21,4.65607
85,21,22,4.03875
85,22,23,5.89426
85,23,24,5.04834
86,0,1,5.77945
86,0,5,5.3079
86,1,2,20.57716
86,1,6,8.39409
86,2,3,10.79523
86,2,7,7.86591
86,3,4,17.62049
86,3,8,6.17408
86,4,9,10.00798
86,5,6,7.05565
86,5,10,17.77435
86,6,7,9.74939
86,6,11,11.29386
86,7,8,8.97166
86,7,12,9.02063
86,8,9,4.99976
86,8,13,7.94267
86,9,14,3.9851
86,10,11,5.53288
86,10,15,11.2245
86,11,12,4.54863
86,11,16,6.1646
86,12,13,5.33387
86,12,17,9.16751
86,13,14,14.17917
86,13,18,11.31243
86,14,19,7.11861
86,15,16,8.97932
86,15,20,2.32553
86,16,17,14.99128
86,16,21,9.78102
86,17,18,10.93541
86,17,22,3.1808
86,18,19,11.9275
86,18,23,6.7362
86,19,24,6.10011
86,20,21,2.06293
86,21,22,7.65383
86,22,23,8.89967
86,23,24,7.74328
87,0,1,5.15876
87,0,5,10.14161
87,1,2,11.00199
87,1,6,6.86359
87,2,3,7.00396
87,2,7,6.24094
87,3,4,4.07774
87,3,8,9.98551
87,4,9,6.44339
87,5,6,4.75268
87,5,10,7.3648
87,6,7,5.91323
87,6,11,13.00491
87,7,8,8.0452
87,7,12,7.70862
87,8,9,11.44574
87,8,13,4.71781
87,9,14,4.54303
87,10,11,9.44268
87,10,15,9.1287
87,11,12,9.23307
87,11,16,9.10975
87,12,13,4.45318
87,12,17,7.55449
87,13,14,11.69859
87,13,18,8.05099
87,14,19,6.2573
87,15,16,5.67382
87,15,20,11.37929
87,16,17,6.47351
87,16,21,14.09638
87,17,18,7.52912
87,17,22,7.6112
87,18,19,3.98507
87,18,23,8.15454
87,19,24,10.10296
87,20,21,14.02576
87,21,22,6.14232
87,22,23,9.80461
87,23,24,7.22005
88,0,1,10.8003
88,0,5,5.13694
88,1,2,5.27409
88,1,6,9.35747
88,2,3,4.26963
88,2,7,16.44603
88,3,4,11.90668
88,3,8,7.72653
88,4,9,4.8418
88,5,6,15.56413
88,5,10,5.12897
88,6,7,7.43129
88,6,11,13.88454
88,7,8,10.20506
88,7,12,9.53825
88,8,9,4.25983
88,8,13,9.23564
88,9,14,10.28433
88,10,11,15.69806
88,10,15,5.39015
88,11,12,10.25055
88,11,16,7.45325
88,12,13,8.46257
88,12,17,12.4704
88,13,14,7.6617
88,13,18,10.53679
88,14,19,5.03853
88,15,16,11.45655
88,15,20,9.13925
88,16,17,17.1637
88,16,21,6.64521
88,17,18,6.13053
88,17,22,7.17868
88,18,19,5.25018
88,18,23,9.9262
88,19,24,8.34202
88,20,21,8.88491
88,21,22,4.85581
88,22,23,7.7548
88,23,24,4.7686
89,0,1,7.90326
89,0,5,14.69829
89,1,2,3.93201
89,1,6,19.35773
89,2,3,2.9746
89,2,7,14.55367
89,3,4,10.89002
89,3,8,16.8684
89,4,9,2.82963
89,5,6,5.4945
89,5,10,8.75617
89,6,7,3.91361
89,6,11,6.32567
89,7,8,6.07728
89,7,12,13.63819
89,8,9,3.60017
89,8,13,5.97724
89,9,14,3.52852
89,10,11,10.37988
89,10,15,5.82535
89,11,12,8.06288
89,11,16,8.0412
89,12,13,10.90073
89,12,17,7.47742
89,13,14,3.83067
89,13,18,11.36148
89,14,19,9.90583
89,15,16,6.00393
89,15,20,7.71406
89,16,17,21.86624
89,16,21,11.81033
89,17,18,2.55836
89,17,22,16.85483
89,18,19,10.92692
89,18,23,7.61127
89,19,24,6.69572
89,20,21,8.30221
89,21,22,3.28657
89,22,23,8.73132
89,23,24,14.40386
90,0,1,13.82729
90,0,5,5.79121
90,1,2,2.01955
90,1,6,5.37752
90,2,3,5.6824
90,2,7,9.29974
90,3,4,7.38272
90,3,8,6.54372
90,4,9,1.74021
90,5,6,5.72281
90,5,10,2.65421
90,6,7,7.4909
90,6,11,4.45971
90,7,8,6.69133
90,7,12,6.55453
90,8,9,3.12922
90,8,13,7.65116
90,9,14,3.80119
90,10,11,5.19545
90,10,15,8.25068
90,11,12,2.20691
90,11,16,3.1995
90,12,13,9.54151
90,12,17,6.37407
90,13,14,4.30687
90,13,18,2.58818
90,14,19,8.61786
90,15,16,10.00523
90,15,20,11.47811
90,16,17,8.92813
90,16,21,5.73613
90,17,18,1.79929
90,17,22,10.50853
90,18,19,6.07175
90,18,23,9.69271
90,19,24,5.5514
90,20,21,3.0597
90,21,22,3.61318
90,22,23,9.80349
90,23,24,3.68978
91,0,1,10.53309
91,0,5,6.30451
91,1,2,19.24919
91,1,6,10.63305
91,2,3,16.40013
91,2,7,8.58821
91,3,4,11.72984
91,3,8,7.72584
91,4,9,13.90259
91,5,6,13.79315
91,5,10,18.48255
91,6,7,14.19154
91,6,11,22.73517
91,7,8,11.45582
91,7,12,14.55818
91,8,9,18.23528
91,8,13,16.87794
91,9,14,13.14743
91,10,11,15.72872
91,10,15,11.50481
91,11,12,6.5716
91,11,16,11.73205
91,12,13,12.70426
91,12,17,8.99122
91,13,14,9.14081
91,13,18,18.96872
91,14,19,4.42607
91,15,16,10.0693
91,15,20,7.61978
91,16,17,11.55697
91,16,21,16.51279
91,17,18,9.42298
91,17,22,10.8193
91,18,19,9.705
91,18,23,7.37782
91,19,24,22.46425
91,20,21,6.91995
91,21,22,10.47901
91,22,23,5.4997
91,23,24,8.63246
92,0,1,9.02461
92,0,5,15.49729
92,1,2,6.25937
92,1,6,16.37429
92,2,3,8.07251
92,2,7,8.28981
92,3,4,6.29441
92,3,8,10.01723
92,4,9,9.7754
92,5,6,11.06773
92,5,10,16.77253
92,6,7,6.5076
92,6,11,10.68366
92,7,8,5.86989
92,7,12,9.77259
92,8,9,6.78585
92,8,13,9.06071
92,9,14,4.50442
92,10,11,6.5468
92,10,15,8.91719
92,11,12,13.17735
92,11,16,4.27938
92,12,13,9.37445
92,12,17,3.98026
92,13,14,5.61273
92,13,18,9.47575
92,14,19,12.02676
92,15,16,10.63607
92,15,20,13.57234
92,16,17,11.22551
92,16,21,12.66471
92,17,18,17.15728
92,17,22,14.11153
92,18,19,8.91557
92,18,23,4.47298
92,19,24,5.89064
92,20,21,10.92161
92,21,22,8.13612
92,22,23,15.78499
92,23,24,5.01795
93,0,1,8.02319
93,0,5,7.69839
93,1,2,6.72714
93,1,6,6.66071
93,2,3,11.4146
93,2,7,8.81165
93,3,4,9.77982
93,3,8,10.25446
93,4,9,12.12329
93,5,6,17.77351
93,5,10,4.93807
93,6,7,12.58196
93,6,11,11.05436
93,7,8,12.01574
93,7,12,3.67024
93,8,9,12.42713
93,8,13,6.47948
93,9,14,11.74014
93,10,11,9.44958
93,10,15,4.03825
93,11,12,10.66425
93,11,16,9.65523
93,12,13,10.77195
93,12,17,7.2448
93,13,14,7.44688
93,13,18,7.46712
93,14,19,4.76671
93,15,16,6.45927
93,15,20,10.67278
93,16,17,6.83034
93,16,21,5.68983
93,17,18,5.16382
93,17,22,3.49411
93,18,19,6.00176
93,18,23,7.08898
93,19,24,5.03179
93,20,21,16.09421
93,21,22,9.00197
93,22,23,7.41311
93,23,24,6.16058
94,0,1,9.65467
94,0,5,19.42055
94,1,2,28.5119
94,1,6,17.85037
94,2,3,28.71558
94,2,7,7.67471
94,3,4,12.76572
94,3,8,11.08439
94,4,9,22.93569
94,5,6,24.69044
94,5,10,30.83578
94,6,7,10.62602
94,6,11,24.80399
94,7,8,19.69766
94,7,12,16.18381
94,8,9,19.04895
94,8,13,15.4129
94,9,14,13.36175
94,10,11,17.68605
94,10,15,18.38838
94,11,12,19.50759
94,11,16,16.71893
94,12,13,8.69527
94,12,17,13.11209
94,13,14,20.53855
94,13,18,19.72807
94,14,19,7.98106
94,15,16,14.01875
94,15,20,15.39109
94,16,17,8.06376
94,16,21,22.00496
94,17,18,31.87227
94,17,22,17.87582
94,18,19,14.9222
94,18,23,14.57071
94,19,24,20.57781
94,20,21,15.71634
94,21,22,16.49305
94,22,23,16.63704
94,23,24,17.94571
95,0,1,4.79631
95,0,5,6.98153
95,1,2,7.74997
95,1,6,8.80133
95,2,3,20.81519
95,2,7,15.25892
95,3,4,14.63962
95,3,8,12.61482
95,4,9,12.59291
95,5,6,15.75001
95,5,10,22.16953
95,6,7,5.30515
95,6,11,23.0681
95,7,8,7.40062
95,7,12,18.67336
95,8,9,16.60528
95,8,13,10.02737
95,9,14,18.17163
95,10,11,13.63117
95,10,15,7.54112
95,11,12,13.76233
95,11,16,13.27996
95,12,13,8.63116
95,12,17,6.61903
95,13,14,9.90527
95,13,18,18.64238
95,14,19,14.46483
95,15,16,12.17905
95,15,20,12.78344
95,16,17,8.63279
95,16,21,21.7452
95,17,18,11.75755
95,17,22,16.45065
95,18,19,11.34917
95,18,23,5.30655
95,19,24,15.19802
95,20,21,10.91661
95,21,22,11.50366
95,22,23,11.05537
95,23,24,6.58327
96,0,1,10.57282
96,0,5,11.85066
96,1,2,4.21921
96,1,6,11.03248
96,2,3,7.97334
96,2,7,7.34285
96,3,4,17.11957
96,3,8,5.72009
96,4,9,11.5545
96,5,6,8.12226
96,5,10,25.18603
96,6,7,5.06649
96,6,11,7.68943
96,7,8,5.48243
96,7,12,15.2649
96,8,9,6.11618
96,8,13,3.14829
96,9,14,5.46078
96,10,11,17.61312
96,10,15,9.15993
96,11,12,5.50783
96,11,16,9.31495
96,12,13,1.98044
96,12,17,2.52954
96,13,14,7.7905
96,13,18,19.56225
96,14,19,10.03841
96,15,16,4.58957
96,15,20,9.80969
96,16,17,9.63673
96,16,21,23.04966
96,17,18,8.58571
96,17,22,13.7207
96,18,19,23.97405
96,18,23,3.87308
96,19,24,15.47327
96,20,21,14.13368
96,21,22,8.0757
96,22,23,6.52001
96,23,24,8.60568
97,0,1,6.36113
97,0,5,13.45591
97,1,2,10.24285
97,1,6,13.03987
97,2,3,16.73897
97,2,7,14.98879
97,3,4,6.88302
97,3,8,12.82604
97,4,9,4.70457
97,5,6,9.63915
97,5,10,6.26092
97,6,7,4.38604
97,6,11,15.36321
97,7,8,3.00034
97,7,12,9.94873
97,8,9,5.87778
97,8,13,3.46123
97,9,14,6.1893
97,10,11,13.06492
97,10,15,9.74028
97,11,12,5.54267
97,11,16,11.31039
97,12,13,2.67459
97,12,17,6.71096
97,13,14,6.34967
97,13,18,10.78217
97,14,19,9.84955
97,15,16,5.53758
97,15,20,9.40685
97,16,17,14.23455
97,16,21,9.3659
97,17,18,3.3485
97,17,22,10.92539
97,18,19,9.23068
97,18,23,7.49322
97,19,24,7.55639
97,20,21,6.53351
97,21,22,5.68724
97,22,23,11.74752
97,23,24,3.93909
98,0,1,4.85707
98,0,5,6.11498
98,1,2,13.91736
98,1,6,5.59899
98,2,3,8.10121
98,2,7,12.24925
98,3,4,5.62963
98,3,8,14.208
98,4,9,14.73002
98,5,6,14.30147
98,5,10,8.51094
98,6,7,15.99067
98,6,11,6.53164
98,7,8,8.60596
98,7,12,5.54088
98,8,9,8.02688
98,8,13,9.23129
98,9,14,7.67446
98,10,11,16.19525
98,10,15,8.09983
98,11,12,10.79046
98,11,16,15.94099
98,12,13,15.57403
98,12,17,10.95948
98,13,14,8.79712
98,13,18,17.47241
98,14,19,6.16335
98,15,16,7.4778
98,15,20,12.14639
98,16,17,6.23725
98,16,21,5.94531
98,17,18,4.95115
98,17,22,5.10426
98,18,19,7.84845
98,18,23,15.52047
98,19,24,8.46453
98,20,21,8.27489
98,21,22,7.00411
98,22,23,2.35203
98,23,24,3.9403
99,0,1,22.37604
99,0,5,18.26845
99,1,2,4.12391
99,1,6,10.25806
99,2,3,5.95508
99,2,7,14.73091
99,3,4,13.56296
99,3,8,11.99002
99,4,9,2.95205
99,5,6,7.56805
99,5,10,3.59999
99,6,7,13.0784
99,6,11,3.48679
99,7,8,14.15608
99,7,12,16.1973
99,8,9,10.43207
99,8,13,10.90775
99,9,14,5.72247
99,10,11,6.81413
99,10,15,4.854
99,11,12,5.50829
99,11,16,5.34805
99,12,13,10.03459
99,12,17,19.64454
99,13,14,6.68618
99,13,18,5.0742
99,14,19,20.99373
99,15,16,17.81132
99,15,20,17.47159
99,16,17,4.91535
99,16,21,3.66748
99,17,18,8.41944
99,17,22,18.02205
99,18,19,6.75734
99,18,23,17.11358
99,19,24,8.85748
99,20,21,9.82663
99,21,22,10.9417
99,22,23,20.34227
99,23,24,15.00755
