epoch,step,test_mse,test_regret,train_loss,val_mse,val_regret
0,0,,,,17.29138946533203,0.1006326898932457
0,2,,,,16.78176498413086,0.004861465189605951
0,2,,,0.2994975447654724,,
1,5,,,,16.82500648498535,0.001894530258141458
1,5,,,0.2981017231941223,,
2,8,,,,16.941728591918945,0.00021590324467979372
2,8,,,0.2981862425804138,,
3,11,,,,16.93305015563965,0.0
3,11,,,0.29824298620224,,
4,14,,,,16.884859085083008,0.0014546961756423116
4,14,,,0.29806914925575256,,
5,17,,,,16.86644744873047,0.005660992581397295
5,17,,,0.2979773283004761,,
6,20,,,,16.872713088989258,0.01367978285998106
6,20,,,0.2979975938796997,,
7,23,,,,16.871492385864258,0.004096235614269972
7,23,,,0.29798778891563416,,
8,26,,,,16.861194610595703,0.004277203232049942
8,26,,,0.2979496717453003,,
9,29,,,,16.84627914428711,0.0001809674286050722
9,29,,,0.2979277968406677,,
10,32,,,,16.83528709411621,0.0001809674286050722
10,32,,,0.2979159653186798,,
11,35,,,,16.84049415588379,0.00021590324467979372
11,35,,,0.2979152202606201,,
12,38,,,,16.846799850463867,0.00021590324467979372
12,38,,,0.2979150712490082,,
13,41,,,,16.857576370239258,0.0
13,41,,,0.2979128062725067,,
14,44,,,,16.86629867553711,0.0
14,44,,,0.29790908098220825,,
15,47,,,,16.870746612548828,0.0
15,47,,,0.2979065775871277,,
16,50,,,,16.871042251586914,0.0
16,50,,,0.297905296087265,,
17,53,,,,16.869464874267578,0.0
17,53,,,0.29790470004081726,,
18,56,,,,16.866825103759766,0.0
18,56,,,0.2979043126106262,,
19,59,,,,16.863697052001953,0.0
19,59,,,0.29790398478507996,,
20,62,,,,16.862279891967773,0.0
20,62,,,0.29790374636650085,,
21,65,,,,16.861021041870117,0.0
21,65,,,0.2979035973548889,,
22,68,,,,16.860002517700195,0.0
22,68,,,0.29790350794792175,,
23,71,,,,16.859167098999023,0.0
23,71,,,0.297903448343277,,
24,74,,,,16.858905792236328,0.0
24,74,,,0.2979033589363098,,
25,77,,,,16.858768463134766,0.0
25,77,,,0.2979033291339874,,
26,80,,,,16.858694076538086,0.0
26,80,,,0.29790329933166504,,
27,83,,,,16.858684539794922,0.0
27,83,,,0.29790326952934265,,
28,86,,,,16.858680725097656,0.0
28,86,,,0.29790323972702026,,
29,89,,,,16.858692169189453,0.0
29,89,,,0.2979032099246979,,
30,92,,,,16.85871124267578,0.0
30,92,,,0.29790323972702026,,
31,95,,,,16.858728408813477,0.0
31,95,,,0.29790323972702026,,
32,98,,,,16.858736038208008,0.0
32,98,,,0.2979032099246979,,
33,101,,,,16.858741760253906,0.0
33,101,,,0.2979032099246979,,
34,104,,,,16.858741760253906,0.0
34,104,,,0.29790323972702026,,
35,107,,,,16.858747482299805,0.0
35,107,,,0.2979031801223755,,
36,110,,,,16.858747482299805,0.0
36,110,,,0.2979031801223755,,
37,113,,,,16.858745574951172,0.0
37,113,,,0.2979031801223755,,
38,116,,,,16.858745574951172,0.0
38,116,,,0.2979032099246979,,
39,119,,,,16.858745574951172,0.0
39,119,,,0.2979031801223755,,
40,122,,,,16.85874366760254,0.0
40,122,,,0.2979031801223755,,
41,125,,,,16.858741760253906,0.0
41,125,,,0.2979031801223755,,
42,128,,,,16.858739852905273,0.0
42,128,,,0.2979031801223755,,
43,131,,,,16.85873794555664,0.0
43,131,,,0.2979032099246979,,
44,134,,,,16.85873794555664,0.0
44,134,,,0.2979031801223755,,
45,137,,,,16.85873794555664,0.0
45,137,,,0.2979031801223755,,
46,140,,,,16.858736038208008,0.0
46,140,,,0.2979031801223755,,
47,143,,,,16.858734130859375,0.0
47,143,,,0.2979031801223755,,
48,146,,,,16.858734130859375,0.0
48,146,,,0.2979031801223755,,
49,149,,,,16.858734130859375,0.0
49,149,,,0.2979031801223755,,
50,152,,,,16.858732223510742,0.0
50,152,,,0.2979031801223755,,
51,155,,,,16.858732223510742,0.0
51,155,,,0.2979031801223755,,
52,158,,,,16.858732223510742,0.0
52,158,,,0.2979031801223755,,
53,161,,,,16.85873031616211,0.0
53,161,,,0.2979031801223755,,
54,164,,,,16.85873031616211,0.0
54,164,,,0.2979032099246979,,
55,167,,,,16.858732223510742,0.0
55,167,,,0.2979031801223755,,
56,170,,,,16.85873031616211,0.0
56,170,,,0.2979031801223755,,
57,173,,,,16.85873031616211,0.0
57,173,,,0.2979031801223755,,
58,176,,,,16.85873031616211,0.0
58,176,,,0.2979031801223755,,
59,179,,,,16.85873031616211,0.0
59,179,,,0.2979031801223755,,
60,182,,,,16.858732223510742,0.0
60,182,,,0.2979031801223755,,
61,185,,,,16.858732223510742,0.0
61,185,,,0.2979031801223755,,
62,188,,,,16.858732223510742,0.0
62,188,,,0.2979031801223755,,
63,191,,,,16.858732223510742,0.0
63,191,,,0.2979031801223755,,
64,194,,,,16.85873031616211,0.0
64,194,,,0.2979031801223755,,
65,197,,,,16.858732223510742,0.0
65,197,,,0.2979032099246979,,
66,200,,,,16.85873031616211,0.0
66,200,,,0.2979031801223755,,
67,203,,,,16.85873031616211,0.0
67,203,,,0.2979031801223755,,
68,206,,,,16.85873031616211,0.0
68,206,,,0.2979032099246979,,
69,209,,,,16.85873031616211,0.0
69,209,,,0.2979031801223755,,
70,212,,,,16.85873031616211,0.0
70,212,,,0.2979031801223755,,
71,215,,,,16.85873031616211,0.0
71,215,,,0.2979031801223755,,
72,218,,,,16.85873031616211,0.0
72,218,,,0.2979031801223755,,
73,221,,,,16.85873031616211,0.0
73,221,,,0.2979031801223755,,
74,224,,,,16.85873031616211,0.0
74,224,,,0.2979031801223755,,
75,227,,,,16.85873031616211,0.0
75,227,,,0.2979031801223755,,
76,230,,,,16.85873031616211,0.0
76,230,,,0.2979031801223755,,
77,233,,,,16.85873031616211,0.0
77,233,,,0.2979031801223755,,
78,236,,,,16.85873031616211,0.0
78,236,,,0.2979031801223755,,
79,239,,,,16.85873031616211,0.0
79,239,,,0.2979031801223755,,
80,242,,,,16.85873031616211,0.0
80,242,,,0.2979031801223755,,
81,245,,,,16.85873031616211,0.0
81,245,,,0.2979032099246979,,
82,248,,,,16.85873031616211,0.0
82,248,,,0.2979031801223755,,
83,251,,,,16.85873031616211,0.0
83,251,,,0.2979031801223755,,
84,254,,,,16.85873031616211,0.0
84,254,,,0.2979032099246979,,
85,257,,,,16.85873031616211,0.0
85,257,,,0.2979031801223755,,
86,260,,,,16.85873031616211,0.0
86,260,,,0.2979031801223755,,
87,263,,,,16.85873031616211,0.0
87,263,,,0.2979032099246979,,
88,266,,,,16.85873031616211,0.0
88,266,,,0.2979031801223755,,
89,269,,,,16.85873031616211,0.0
89,269,,,0.2979031801223755,,
90,272,,,,16.85873031616211,0.0
90,272,,,0.2979031801223755,,
91,275,,,,16.85873031616211,0.0
91,275,,,0.2979031801223755,,
92,278,,,,16.85873031616211,0.0
92,278,,,0.2979031801223755,,
93,281,,,,16.85873031616211,0.0
93,281,,,0.2979031801223755,,
94,284,,,,16.85873031616211,0.0
94,284,,,0.2979031801223755,,
95,287,,,,16.85873031616211,0.0
95,287,,,0.2979032099246979,,
96,290,,,,16.85873031616211,0.0
96,290,,,0.2979031801223755,,
97,293,,,,16.85873031616211,0.0
97,293,,,0.2979031801223755,,
98,296,,,,16.85873031616211,0.0
98,296,,,0.2979032099246979,,
99,299,,,,16.85873031616211,0.0
99,299,,,0.2979032099246979,,
100,302,,,,16.85873031616211,0.0
100,302,,,0.2979031801223755,,
101,305,,,,16.85873031616211,0.0
101,305,,,0.2979031801223755,,
102,308,,,,16.85873031616211,0.0
102,308,,,0.2979031801223755,,
103,311,,,,16.85873031616211,0.0
103,311,,,0.2979031801223755,,
104,312,19.84650421142578,0.0007306674378924072,,,
