step,val_regret,epoch,val_mse,train_loss,test_regret,test_mse
0,26.570663452148438,0,151.2594757080078,,,
24,25.62142562866211,0,150.36585998535156,,,
24,,0,,136.37425231933594,,
49,25.294048309326172,1,149.4775848388672,,,
49,,1,,135.60589599609375,,
74,25.294048309326172,2,148.6050262451172,,,
74,,2,,134.85060119628906,,
99,24.5914306640625,3,147.72535705566406,,,
99,,3,,134.10720825195312,,
124,24.147804260253906,4,146.874755859375,,,
124,,4,,133.35577392578125,,
149,23.91595458984375,5,146.0121612548828,,,
149,,5,,132.62322998046875,,
174,23.916671752929688,6,145.14430236816406,,,
174,,6,,131.8938751220703,,
199,23.106557846069336,7,144.3114471435547,,,
199,,7,,131.1565704345703,,
224,22.875913619995117,8,143.47109985351562,,,
224,,8,,130.43670654296875,,
249,21.34676742553711,9,142.63621520996094,,,
249,,9,,129.71458435058594,,
274,19.60303497314453,10,141.81675720214844,,,
274,,10,,129.00027465820312,,
299,19.026004791259766,11,140.9716339111328,,,
299,,11,,128.29428100585938,,
324,17.939395904541016,12,140.15696716308594,,,
324,,12,,127.58212280273438,,
349,16.832542419433594,13,139.3291778564453,,,
349,,13,,126.88245391845703,,
374,16.365192413330078,14,138.53384399414062,,,
374,,14,,126.18394470214844,,
399,15.893485069274902,15,137.7326202392578,,,
399,,15,,125.48880767822266,,
424,15.50533676147461,16,136.93011474609375,,,
424,,16,,124.80140686035156,,
449,14.887275695800781,17,136.1376495361328,,,
449,,17,,124.11418914794922,,
474,14.503591537475586,18,135.35800170898438,,,
474,,18,,123.4316177368164,,
499,13.826679229736328,19,134.5601043701172,,,
499,,19,,122.75941467285156,,
524,13.335728645324707,20,133.78294372558594,,,
524,,20,,122.0824203491211,,
549,12.843321800231934,21,133.00369262695312,,,
549,,21,,121.41812133789062,,
574,12.950462341308594,22,132.22349548339844,,,
574,,22,,120.75330352783203,,
599,12.002041816711426,23,131.49241638183594,,,
599,,23,,120.0849838256836,,
624,11.62440299987793,24,130.71835327148438,,,
624,,24,,119.43805694580078,,
649,11.154470443725586,25,129.9510498046875,,,
649,,25,,118.7803726196289,,
674,10.639452934265137,26,129.21405029296875,,,
674,,26,,118.12810516357422,,
699,10.345163345336914,27,128.46754455566406,,,
699,,27,,117.48370361328125,,
724,10.096624374389648,28,127.72953033447266,,,
724,,28,,116.84370422363281,,
749,9.871169090270996,29,126.97840881347656,,,
749,,29,,116.2102279663086,,
774,9.871169090270996,30,126.26177978515625,,,
774,,30,,115.57032012939453,,
799,9.562530517578125,31,125.5371322631836,,,
799,,31,,114.94507598876953,,
824,9.572988510131836,32,124.7961654663086,,,
824,,32,,114.31832122802734,,
849,9.30709457397461,33,124.07896423339844,,,
849,,33,,113.69251251220703,,
874,9.24807357788086,34,123.34814453125,,,
874,,34,,113.07844543457031,,
899,9.300745964050293,35,122.65277099609375,,,
899,,35,,112.4552230834961,,
924,9.44692611694336,36,121.96495819091797,,,
924,,36,,111.84321594238281,,
949,9.246894836425781,37,121.26510620117188,,,
949,,37,,111.23892211914062,,
974,9.081822395324707,38,120.54830169677734,,,
974,,38,,110.6362533569336,,
999,9.030346870422363,39,119.84854125976562,,,
999,,39,,110.03315734863281,,
1024,8.992424011230469,40,119.17638397216797,,,
1024,,40,,109.42805480957031,,
1049,8.847457885742188,41,118.4895248413086,,,
1049,,41,,108.83757019042969,,
1074,8.999715805053711,42,117.80288696289062,,,
1074,,42,,108.2488784790039,,
1099,8.566722869873047,43,117.11975860595703,,,
1099,,43,,107.66006469726562,,
1124,8.56888198852539,44,116.44270324707031,,,
1124,,44,,107.0741958618164,,
1149,8.369145393371582,45,115.78007507324219,,,
1149,,45,,106.4933090209961,,
1174,8.073675155639648,46,115.1249771118164,,,
1174,,46,,105.91348266601562,,
1199,8.093667030334473,47,114.46859741210938,,,
1199,,47,,105.3410415649414,,
1224,8.093667030334473,48,113.79815673828125,,,
1224,,48,,104.77312469482422,,
1249,8.081238746643066,49,113.14926147460938,,,
1249,,49,,104.20063781738281,,
1274,7.9426589012146,50,112.51348876953125,,,
1274,,50,,103.63507080078125,,
1299,7.785499095916748,51,111.8639144897461,,,
1299,,51,,103.07572937011719,,
1324,7.765895366668701,52,111.22700500488281,,,
1324,,52,,102.5158920288086,,
1349,7.675186634063721,53,110.59346771240234,,,
1349,,53,,101.96209716796875,,
1374,7.744376182556152,54,109.95311737060547,,,
1374,,54,,101.41130065917969,,
1399,7.744376182556152,55,109.31463623046875,,,
1399,,55,,100.86215209960938,,
1424,7.744376182556152,56,108.7073745727539,,,
1424,,56,,100.31343841552734,,
1449,7.744376182556152,57,108.07147216796875,,,
1449,,57,,99.77388763427734,,
1474,7.71148681640625,58,107.7693099975586,,,
1474,,58,,99.35801696777344,,
1499,7.504562854766846,59,107.45092010498047,,,
1499,,59,,99.09159851074219,,
1524,7.483132839202881,60,107.14582061767578,,,
1524,,60,,98.82139587402344,,
1549,7.483132839202881,61,106.8376693725586,,,
1549,,61,,98.55329132080078,,
1574,7.483132839202881,62,106.53425598144531,,,
1574,,62,,98.2854995727539,,
1599,7.483132839202881,63,106.22977447509766,,,
1599,,63,,98.01948547363281,,
1624,7.483132839202881,64,105.9214096069336,,,
1624,,64,,97.7527847290039,,
1649,7.359773635864258,65,105.76959991455078,,,
1649,,65,,97.55033874511719,,
1674,7.359773635864258,66,105.61907196044922,,,
1674,,66,,97.41671752929688,,
1699,7.359773635864258,67,105.46389770507812,,,
1699,,67,,97.28453063964844,,
1724,7.359773635864258,68,105.31169128417969,,,
1724,,68,,97.15087127685547,,
1749,7.350898265838623,69,105.15827941894531,,,
1749,,69,,97.01849365234375,,
1774,7.350898265838623,70,105.00646209716797,,,
1774,,70,,96.88473510742188,,
1799,7.350898265838623,71,104.85486602783203,,,
1799,,71,,96.7519760131836,,
1824,7.350898265838623,72,104.70230102539062,,,
1824,,72,,96.62026977539062,,
1849,7.350898265838623,73,104.55360412597656,,,
1849,,73,,96.48553466796875,,
1874,7.288421630859375,74,104.4751968383789,,,
1874,,74,,96.38672637939453,,
1899,7.288421630859375,75,104.39954376220703,,,
1899,,75,,96.31982421875,,
1924,7.288421630859375,76,104.32296752929688,,,
1924,,76,,96.25349426269531,,
1949,7.288421630859375,77,104.24483489990234,,,
1949,,77,,96.18721008300781,,
1974,7.288421630859375,78,104.17027282714844,,,
1974,,78,,96.1200180053711,,
1999,7.288421630859375,79,104.1322250366211,,,
1999,,79,,96.06970977783203,,
2024,7.288421630859375,80,104.09344482421875,,,
2024,,80,,96.03654479980469,,
2049,7.288421630859375,81,104.05599975585938,,,
2049,,81,,96.0029067993164,,
2074,7.288421630859375,82,104.01521301269531,,,
2074,,82,,95.97030639648438,,
2099,7.288421630859375,83,103.99668884277344,,,
2099,,83,,95.9438247680664,,
2124,7.288421630859375,84,103.97737121582031,,,
2124,,84,,95.92725372314453,,
2125,,85,,,6.759139537811279,99.83088684082031
